{
  "quran":	"القرآن",
  "recitation":	"التلاوة",
  "hour":	"ساعة",
  "surah":	"سورة",
  "duas":	"ادعية",
  "favorites":	"المفضلة",
  "index":	"فِهرِس",
  "juz":	"الجاز",
  "bookmarks":	"إشارات مرجعية",
  "reciters":	"القراء",
  "21_mb_of_124_mb_downloaded":	"21 ميجابايت من 124 ميجابايت تم تنزيلها",
  "playing":	"تلعب",
  "surah_al_baqarah":	"سورة البقرة",
  "surah_index":	"فهرس السورة",
  "read_quran_settings":	"قراءة إعدادات القرآن",
  "arabic":	"عربي",
  "translation":	"ترجمة",
  "translation_language":	"لغة الترجمة",
  "quran_text_size":	"حجم نص القرآن",
  "translations_text_size":	"حجم نص الترجمات",
  "save_settings":	"احفظ التغييرات",
  "dua_categories":	"فئات الدعاء",
  "juz_index":	"مؤشر الجاز",
  "audio_bookmarks":	"الإشارات المرجعية الصوتية",
  "reading_bookmarks":	"قراءة الإشارات المرجعية",
  "favorite_reciters":	"القراء المفضلين",
  "more":	"أكثر",
  "99_names_of_allah":	"99 اسما الله",
  "qibla_direction":	"اتجاه القبلة",
  "step_by_step_salah":	"خطوة بخطوة صلاح",
  "salah_timer":	"توقيت صلاح",
  "shahada":	"الشهادة",
  "tasbeeh":	"تسبيح",
  "degree_of_the_qibla":	"درجة القبلة",
  "distance_to_qibla":	"المسافة إلى القبلة",
  "longitude":	"خط الطول",
  "latitude":	"خط العرض",
  "switch_to_3d_view":	"قم بالتبديل إلى العرض ثلاثي الأبعاد",
  "fajar":	"الفجر",
  "dhuhar":	"الظهر",
  "asr":	"العصر",
  "maghrib":	"المغرب",
  "isha":	"العشاء",
  "allah_hu_akbar":	"الله أكبر",
  "alhamulillah":	"الحمد لله",
  "subhanallah":	"سبحان الله",
  "custom":	"مخصص",
  "1st_shahadah_purity":	"الشهداء الأول",
  "2nd_shahadah_testimony":	"شهادة الشهادة الثانية",
  "3rd_shahadah_glorification":	"ثالثا تمجيد الشهادة",
  "4th_shahadah_unity":	"4 وحدة الشهادة",
  "5th_shahadah_penitence":	"الشهادة الخامسة للتوبة",
  "6th_shahadah_rejecting_disbelief":	"السادسة: نبذ الكفر",
  "settings":	"إعدادات",
  "app_experience":	"تجربة التطبيق",
  "upgrade_app_experience":	"ترقية تجربة التطبيق",
  "manage_subscriptions":	"إدارة الاشتراكات",
  "edit_profile":	"تعديل الملف الشخصي",
  "logged_in_as":	"تسجيل دخولك",
  "choose_dark_or_light_mode":	"اختر الوضع الداكن أو الخفيف",
  "app_font":	"خط التطبيق",
  "translation_manager":	"مدير الترجمة",
  "download_manager":	"مدير التحميل",
  "app_language":	"لغة التطبيق",
  "notifications":	"إشعارات",
  "app_support":	"دعم التطبيق",
  "report_an_issue":	"بلغ عن خطأ",
  "privacy_policy":	"سياسة الخصوصية",
  "terms_of_service":	"شروط الخدمة",
  "about_the_app":	"حول التطبيق",
  "feedback":	"تعليق",
  "share":	"يشارك",
  "logout":	"تسجيل خروج",
  "app_theme":	"سمة التطبيق",
  "choose_app_theme":	"اختر سمة التطبيق",
  "customize_the_app_experience":	"تخصيص تجربة التطبيق",
  "light_mode":	"وضع الضوء",
  "dark_mode":	"الوضع المظلم",
  "next_surah":	"السورة القادمة",
  "continue_to_next_surah":	"تابع إلى السورة التالية",
  "home":	"بيت",
  "your_engagement":	"خطوبتك",
  "this_week":	"هذا الاسبوع",
  "minutes":	"دقائق",
  "from_last_week":	"من الأسبوع الماضي",
  "lifetime":	"حياة",
  "continue_where_you_left_off":	"أكمل من حيث توقفت",
  "quran_stories":	"قصص القرآن",
  "surah_ar_rahman":	"سورة الرحمن",
  "the_merciful_surah_55":	"سورة الرحمن الرحيم 55",
  "ayat":	"آيات",
  "page":	"صفحة",
  "view_all":	"مشاهدة الكل",
  "verse_of_the_day":	"آية اليوم",
  "quran_miracles":	"معجزات القرآن",
  "story_of_prophet_noah":	"قصة النبي نوح",
  "quran_inspiration":	"إلهام القرآن",
  "karoon":	"كارون",
  "people_of_the_cave":	"أهل الكهف",
  "barsisa:the_renegade":	"باريسيسا: المنشق",
  "people_of_the_elephants":	"أهل الفيلة",
  "people_of_the_garden":	"أهل الحديقة",
  "queen_sheba":	"الملكة سبأ",
  "wisdom_of_luqman":	"حكمة لقمان",
  "sinkholes":	"مجاري",
  "hydrothermal_vents":	"الفتحات الحرارية المائية",
  "internal_mountains":	"الجبال الداخلية",
  "porous_rocks":	"صخور مسامية",
  "coal":	"فحم",
  "garden":	"حديقة",
  "fasting":	"صيام",
  "minerals":	"المعادن",
  "colonies":	"المستعمرات",
  "meteorites":	"النيازك",
  "islam_basics":	"اساسيات الاسلام",
  "qaida":	"القاعدة",
  "teachings_of_islam":	"تعاليم الاسلام",
  "ramzan":	"رمضان",
  "resume":	"سيرة ذاتية",
  "reciters_page":	"صفحة القراء",
  "abdul_rahman_al-sudais":	"عبدالرحمن السديس",
  "saad_el_ghamidi":	"سعد الغامدي",
  "abdul_basit":	"عبد الباسط",
  "abdullah_awad_al_juhany":	"عبدالله عوض الجهني",
  "yaseen":	"ياسين",
  "alkahf":	"الكهف",
  "my_stats":	"إحصائياتي",
  "your_app_engagement_stats":	"احصائيات مشاركة التطبيق الخاص بك",
  "app_colors":	"ألوان التطبيق",
  "beliefs":	"المعتقدات",
  "practices":	"الممارسات",
  "halal_and_haram":	"الحلال والحرام",
  "names":	"الأسماء",
  "islamic_pharases":	"عبارات إسلامية",
  "week":	"أسبوع",
  "month":	"شهر",
  "year":	"سنة",
  "muharram":	"شهر محرم",
  "safar":	"سفر",
  "rabi_al-awwal":	"ربيع الأول",
  "rabi_al-thani":	"ربيع الثاني",
  "jumada_al-awwal":	"جمادى الاول",
  "jumada_al-thani":	"جمادى الثانية",
  "rajab":	"رجب",
  "shaban":	"شعبان",
  "ramadan":	"رمضان",
  "shawwal":	"شوال",
  "dhu_al-qadah":	"ذو القعدة",
  "dhu_al-hijjah":	"ذو الحجة",
  "duas_for_rabbana":	"ادعية ربانة",
  "duas_for_prayers":	"ادعية للصلاة",
  "duas_for_something":	"ادعية لشيء",
  "duas_for_certain_situations":	"ادعية لحالات معينة",
  "duas_for_istikhaara":	"ادعية الاستخارة",
  "duas_for_controlling_yourself":	"ادعية للسيطرة على نفسك",
  "duas_for_betterment_of_others":	"ادعية لتحسين الاخر",
  "duas_for_the_deseased_at_the_funeral_prayer":	"ادعية للميت في صلاة الجنازة",
  "audio_is_downloading":	"يتم تنزيل الصوت",
  "we_will_provide_custom_recommendations_to_fit_your_individual_goals":	"سنقدم توصيات مخصصة لتناسب أهدافك الفردية",
  "choose_upto_3_goals_for_precise_personalization":	"اختر ما يصل إلى 3 أهداف للتخصيص الدقيق",
  "stream/download_reciters":	"تيار تنزيل القراء",
  "read_offline_quran":	"قراءة القرآن حاليا",
  "set_quran_goals":	"وضع أهداف القرآن",
  "explore_the_quran":	"اكتشف القرآن",
  "translations_&_reflection":	"الترجمات والتفكير",
  "learn_the_qaida":	"تعلم القاعدة",
  "you_can_always_change_goals_later":	"يمكنك دائمًا تغيير الأهداف لاحقًا",
  "skip_for_now":	"تخطي في الوقت الراهن",
  "purpose_of_quran_app?":	"الغرض من تطبيق القرآن؟",
  "continue":	"يكمل",
  "beautiful_recitations_from_around_the_world":	"تلاوات جميلة من جميع انحاء العالم",
  "set_your_favorite_reciter":	"ضع القارئ المفضل لديك",
  "sheikh_mishary_al_afasy":	"الشيخ مشاري العفاسي",
  "sheikh_maher_muaqily":	"الشيخ ماهر المعيقلي",
  "abdur-rahman_as-sudais":	"عبد الرحمن السديس",
  "saud_al-shuraim":	"سعود الشريم",
  "hani_ar-rifai":	"هاني الرفاعي",
  "mahmoud_al-hussary":	"محمود الحصري",
  "when_do_you_like_to_recite?":	"متى تحب قراءة القران",
  "morning":	"صباح",
  "afternoon":	"بعد الظهر",
  "evening":	"مساء",
  "night":	"ليلة",
  "set_up_a_daily_reminder_for_quran_recitation":	"إعداد منبه يومي لتلاوة القرآن الكريم",
  "enabling_reminder_increases_the_likelihood_of_daily_quran_reading_by_3x._are_you_interested_in_establishing_a_successful_habit_of_reading_the_quran?":	"يؤدي تمكين التذكير إلى زيادة احتمالية قراءة القرآن يوميًا بمقدار 3 أضعاف. هل أنت مهتم بتأسيس عادة ناجحة لقراءة القرآن؟",
  "set_reminder":	"ضبط تذكير",
  "how_much_time_would_you_like_to_read_the_quran_daily?":	"كم من الوقت تود قراءة القرآن يوميا؟",
  "5_minutes":	"5 دقائق",
  "10_minutes":	"10 دقائق",
  "15_minutes":	"15 دقيقة",
  "20_minutes":	"20 دقيقة",
  "30_minutes":	"30 دقيقة",
  "choose_your_preferred_language":	"اختر لغتك المفضلة",
  "let's_personalize_the_app_experience":	"دعنا نخصص تجربة التطبيق",
  "urdu":	"الأردية",
  "english":	"إنجليزي",
  "hindi":	"الهندية",
  "bengali":	"البنغالية",
  "chinese":	"صينى",
  "french":	"فرنسي",
  "indonesian":	"إندونيسي",
  "spanish":	"الأسبانية",
  "german":	"ألمانية",
  "turn_on_notifications_to_get_the_most_out_of_quran_pro?":	"تشغيل الإخطارات لتحقيق أقصى استفادة من القرآن الكريم؟",
  "receive_personalized_recommedations,_hadiths,_athan,_duas_and_other_reminders_to_enhance_your_spirtual_journey._you_can_opt_out_anytime":	"تلقي الوصفات الشخصية والأحاديث والأذان والأدعية وغيرها من التذكيرات لتعزيز رحلتك الروحية. يمكنك إلغاء الاشتراك في أي وقت",
  "daily_quran_recitation_reminder":	"تذكير التلاوة اليومية",
  "daily_quran_verse":	"آية القرآن اليومية",
  "daily_salah_reminder":	"تذكير بصلاح اليومية",
  "friday_prayer_reminder":	"تذكير صلاة الجمعة",
  "finish_setup":	"إنهاء الإعداد",
  "reciter":	"القارئ",
  "search_surah_name":	"البحث عن اسم السورة",
  "search_juz_name":	"البحث عن اسم الجزء",
  "choose_app_color":	"اختر لون التطبيق",
  "update_colors":	"تحديث الألوان",
  "arabic_font_preview":	"معاينة الخط العربي",
  "translation_text_size":	"حجم نص الترجمة",
  "translation_font_preview":	"معاينة خط الترجمة",
  "default_translation_language":	"لغة الترجمة الافتراضية",
  "translations":	"الترجمات",
  "downloaded_audio":	"الصوت الذي تم تنزيله",
  "upgrade_to_premium":	"الترقية إلى المميزة",
  "get_the_premium_today_and_enjoy_unlimited_access_to_the_quran_pro_app":	"احصل على قسط اليوم واستمتع بوصول غير محدود إلى تطبيق القرآن",
  "ad-free_app_experience":	"تجربة تطبيق خالية من الإعلانات",
  "unlock_quran_stories":	"فتح قصص القرآن",
  "start_free_trial":	"ابدأ الإصدار التجريبي المجاني",
  "your_current_location":	"موقعك الحالي",
  "other_tasbeeh_of_your_choice":	"تسبيح آخر من اختيارك",
  "custom_count":	"العد المخصص",
  "6_kalimas":	"6 كاليما",
  "km":	"كيلومترات",
  "px":	"بكسل",
  "arabic_font":	"الخط العربي",
  "login_to_get_started":	"سجل الدخول لتبدأ",
  "enter_your_email":	"أدخل بريدك الإلكتروني",
  "password":	"كلمة المرور",
  "forgot_password":	"هل نسيت كلمة السر",
  "or_login_using":	"أو تسجيل الدخول باستخدام",
  "don't_have_an_account_register":	"ليس لديك حساب؟ يسجل",
  "create_an_account_to_save_your_progress":	"قم بإنشاء حساب لحفظ تقدمك",
  "let's_get_started_on_the_quran_pro_app":	"دعنا نبدأ في تطبيق القرآن الكريم",
  "register":	"يسجل",
  "or_register_using":	"أو التسجيل باستخدام",
  "already_have_account_an_account_login":	"لديك حساب بالفعل؟ تسجيل الدخول",
  "what's_your_name?":	"ما اسمك؟",
  "your_name":	"اسمك",
  "somali":	"الصومالية",
  "please_be_patient_as_we_create_a_personalized_experience_for_your_quran_study":	"يرجى التحلي بالصبر لأننا نخلق تجربة مخصصة لدراسة القرآن",
  "playing_recitation":	"عزف التلاوة",
  "surah_playlist":	"قائمة تشغيل السورة",
  "no_active_internet_connection":	"لا يوجد اتصال إنترنت نشط",
  "retry":	"أعد المحاولة",
  "daily_duas":	"ادعية يومية",
  "please_let_us_know_what_you_would_like_to_do":	"يرجى إخبارنا بما تود القيام به",
  "description":	"وصف",
  "your_email":	"بريدك الالكتروني",
  "submit":	"يُقدِّم",
  "terms_&_conditions":	"البنود و الظروف",
  "how_your_free_trial_works":	"كيف يعمل الإصدار التجريبي المجاني الخاص بك",
  "today":	"اليوم",
  "start_your_full_access_to_all_the_sections_of_app":	"ابدأ وصولك الكامل إلى جميع أقسام التطبيق",
  "day_5":	"يوم 5",
  "you_will_get_a_reminder_about_when_your_trial_will_end":	"ستتلقى تذكيرًا بموعد انتهاء الفترة التجريبية",
  "day_7":	"اليوم السابع",
  "you_will_be_charged_cancel_anytime_before_this.":	"سيتم محاسبتك. إلغاء في أي وقت قبل هذا.",
  "unlimited_free_access_for_days_then_us_per_year_us_per_month)":	"دخول مجاني غير محدود لمدة 7 أيام ، ثم 15.49 دولارًا أمريكيًا في السنة (1.29 دولارًا أمريكيًا في الشهر)",
  "view_all_plans":	"عرض كل الخطط",
  "limited_time_offer_for_unlimited_perks_&_benefits":	"عرض لفترة محدودة للحصول على امتيازات ومزايا غير محدودة",
  "ends_in":	"ينتهي في",
  "plans_specially_curated_for_you":	"خطط مصممة خصيصًا لك",
  "monthly":	"شهريا",
  "yearly":	"سنوي",
  "6_months":	"6 اشهر",
  "12_months":	"12 شهر",
  "1_month":	"شهر واحد",
  "prime_plan":	"خطة رئيسية",
  "no_ads":	"لا اعلانات",
  "purchase_now":	"شراء الآن",
  "recurring_billing_cancel_anytime":	"الفواتير المتكررة. يمكنك الإلغاء في أي وقت",
  "your_subscription_will_automatically_renew_for_the_same_purchasing_program_at_the_same_time":	"سيتم تجديد اشتراكك تلقائيًا لنفس برنامج الشراء في نفس الوقت",
  "previous_chapter":	"الفصل السابق",
  "listen_story":	"استمع للقصة",
  "next_chapter":	"الفصل التالي",
  "get_the_premium_today_and_enjoy_unlimited_access_to_the_quran_app":	"احصل على قسط اليوم واستمتع بوصول غير محدود إلى تطبيق القرآن",
  "available_plans_for_you":	"الخطط المتاحة لك",
  "monthly_plan":	"خطة شهرية",
  "3_day_free_trial_restore_purchase":	"نسخة تجريبية مجانية لمدة 3 أيام + استعادة الشراء",
  "yearly_plan":	"الخطة السنوية",
  "7_day_free_trial_restore_purchase":	"نسخة تجريبية مجانية لمدة 7 أيام + استعادة الشراء",
  "lifetime_plan":	"خطة مدى الحياة",
  "15_day_free_trial":	"نسخة تجريبية مجانية لمدة 15 يومًا",
  "purchase":	"شراء",
  "as_a_premium_member_you_have_access_to":	"كعضو متميز يمكنك الوصول إليه",
  "having_an_issue_please_write_to_us":	"تواجه مشكلة؟ يرجى الكتابة إلينا",
  "submit_feedback":	"إرسال التعليقات",
  "restore_purchase":	"استعادة شراء",
  "full_name":	"الاسم الكامل",
  "email_address":	"عنوان البريد الإلكتروني",
  "preferred_app_language":	"لغة التطبيق المفضلة",
  "logged_in_devices":	"الأجهزة المسجلة",
  "update_profile":	"تحديث الملف",
  "enter_tasbeeh_count":	"أدخل عدد التسبيح",
  "confirm":	"يتأكد",
  "prayer_time_notfication":	"اشعار مواقيت الصلاة",
  "what_are_you_hoping_to_achieve_with_quran_app?":	"ما الذي تتمنى تحقيقه من خلال تطبيق القرآن الكريم؟",
  "listen_to_the_quran_from_the_world's_most_beautiful_voices":	"استمع للقرآن من اجمل اصوات العالم",
  "how_fluent_are_you_with_quran?":	"كيف تتقن القرآن؟",
  "beginner":	"مبتدئ",
  "intermediate":	"متوسط",
  "fluent":	"طلِق",
  "expert":	"خبير",
  "what's_your_email_address?":	"ما هو عنوان البريد الإلكتروني الخاص بك؟",
  "finish_profile":	"الملف الشخصي",
  "dua_reminder":	"دعاء تذكير",
  "male_and_female_relationships":	"العلاقات بين الذكور والإناث" ,
  "mb": "ميغابايت",
  "downloaded": "تم تنزيله",
  "collection_of": "مجموعة من",
  "currently_playing": "يلعب حاليا ",
  "currently_selected": "المحدد حاليا",
  "of": "ل",

  "kb": "kb",
  "enter_the_count": "Enter the count",
  "now_playing": "Now Playing",
  "please_wait": "Please Wait",
  "manage_profile": "Manage Profile",
  "all_reciters": "All Reciters",
  "complete_quran": "Complete Quran"

 }