{
    "quran":	"কুরআন",
    "recitation":	"আবৃত্তি",
    "hour":	"ঘন্টা",
    "surah":	"সূরা",
    "duas":	"দুআ",
    "favorites":	"প্রিয়",
    "index":	"সূচক",
    "juz":	"জুজ",
    "bookmarks":	"বুকমার্ক",
    "reciters":	"আবৃত্তিকারী",
    "21_mb_of_124_mb_downloaded":	"124 mb এর 21 mb ডাউনলোড হয়েছে৷",
    "playing":	"খেলি",
    "surah_al_baqarah":	"সূরা আল বাকারা",
    "surah_index":	"সূরা সূচী",
    "read_quran_settings":	"কুরআন সেটিংস পড়ুন",
    "arabic":	"আরবি",
    "translation":	"অনুবাদ",
    "translation_language":	"অনুবাদ ভাষা",
    "quran_text_size":	"কুরআন পাঠের আকার",
    "translations_text_size":	"অনুবাদ পাঠের আকার",
    "save_settings":	"সেটিংস সংরক্ষণ করুন",
    "dua_categories":	"দুআ বিভাগ",
    "juz_index":	"জুজ সূচক",
    "audio_bookmarks":	"অডিও বুকমার্ক",
    "reading_bookmarks":	"বুকমার্ক পড়া",
    "favorite_reciters":	"প্রিয় আবৃত্তিকার",
    "more":	"আরো",
    "99_names_of_allah":	"আল্লাহর 99টি নাম",
    "qibla_direction":	"কিবলা দিক",
    "step_by_step_salah":	"ধাপে ধাপে সালাহ",
    "salah_timer":	"সালাহ টাইমার",
    "shahada":	"শাহাদা",
    "tasbeeh":	"তাসবীহ",
    "degree_of_the_qibla":	"কিবলার ডিগ্রি",
    "distance_to_qibla":	"কিবলার দূরত্ব",
    "longitude":	"দ্রাঘিমাংশ",
    "latitude":	"অক্ষাংশ",
    "switch_to_3d_view":	"3d ভিউতে স্যুইচ করুন",
    "fajar":	"ফজর",
    "dhuhar":	"দুহার",
    "asr":	"আসর",
    "maghrib":	"মাগরিব",
    "isha":	"ইশা",
    "allah_hu_akbar":	"আল্লাহু আকবর",
    "alhamulillah":	"আলহামুলিল্লাহ",
    "subhanallah":	"সুবহানাল্লাহ",
    "custom":	"কাস্টম",
    "1st_shahadah_purity":	"১ম শাহাদাহ পবিত্রতা",
    "2nd_shahadah_testimony":	"২য় শাহাদাহ সাক্ষ্য",
    "3rd_shahadah_glorification":	"৩য় শাহাদাহ তাসবীহ",
    "4th_shahadah_unity":	"৪র্থ শাহাদাত ঐক্য",
    "5th_shahadah_penitence":	"৫ম শাহাদাৎ তওবা",
    "6th_shahadah_rejecting_disbelief":	"৬ষ্ঠ শাহাদাহ কুফর প্রত্যাখ্যান",
    "settings":	"সেটিংস",
    "app_experience":	"অ্যাপ অভিজ্ঞতা",
    "upgrade_app_experience":	"অ্যাপ অভিজ্ঞতা আপগ্রেড করুন",
    "manage_subscriptions":	"সাবস্ক্রিপশন পরিচালনা",
    "edit_profile":	"জীবন বৃত্তান্ত সম্পাদনা",
    "logged_in_as":	"লগ ইন করুন",
    "choose_dark_or_light_mode":	"অন্ধকার বা লাইটমোড চয়ন করুন",
    "app_font":	"অ্যাপ ফন্ট",
    "translation_manager":	"অনুবাদ ব্যবস্থাপক",
    "download_manager":	"ডাউনলোড ম্যানেজার",
    "app_language":	"অ্যাপের ভাষা",
    "notifications":	"বিজ্ঞপ্তি",
    "app_support":	"অ্যাপ্লিকেশন সমর্থন",
    "report_an_issue":	"একটি সমস্যা রিপোর্ট",
    "privacy_policy":	"গোপনীয়তা নীতি",
    "terms_of_service":	"সেবা পাবার শর্ত",
    "about_the_app":	"অ্যাপ সম্পর্কে",
    "feedback":	"প্রতিক্রিয়া",
    "share":	"ভাগ",
    "logout":	"প্রস্থান",
    "app_theme":	"অ্যাপ থিম",
    "choose_app_theme":	"অ্যাপের থিম বেছে নিন",
    "customize_the_app_experience":	"অ্যাপ অভিজ্ঞতা কাস্টমাইজ করুন",
    "light_mode":	"হালকা মোড",
    "dark_mode":	"অন্ধকার মোড",
    "next_surah":	"পরবর্তী সূরা",
    "continue_to_next_surah":	"পরবর্তী সূরাতে চালিয়ে যান",
    "home":	"বাড়ি",
    "your_engagement":	"আপনার ব্যস্ততা",
    "this_week":	"এই সপ্তাহ",
    "minutes":	"মিনিট",
    "from_last_week":	"গত সপ্তাহ থেকে",
    "lifetime":	"জীবনকাল",
    "continue_where_you_left_off":	"আপনি যেখানে ছেড়েছিলেন সেখানে চালিয়ে যান",
    "quran_stories":	"কুরআনের গল্প",
    "surah_ar_rahman":	"সূরা আর রহমান",
    "the_merciful_surah_55":	"করুণাময় সূরা 55",
    "ayat":	"আয়াত",
    "page":	"পৃষ্ঠা",
    "view_all":	"সব দেখ",
    "verse_of_the_day":	"দিনের শ্লোক",
    "quran_miracles":	"কোরানের অলৌকিক ঘটনা",
    "story_of_prophet_noah":	"নূহ নবীর গল্প",
    "quran_inspiration":	"কুরআন অনুপ্রেরণা",
    "karoon":	"কারুন",
    "people_of_the_cave":	"গুহার মানুষ",
    "barsisa:the_renegade":	"বারসিসা: ধর্মত্যাগী",
    "people_of_the_elephants":	"হাতির মানুষ",
    "people_of_the_garden":	"বাগানের মানুষ",
    "queen_sheba":	"রাণী শেবা",
    "wisdom_of_luqman":	"লুকমানের জ্ঞান",
    "sinkholes":	"সিঙ্কহোল",
    "hydrothermal_vents":	"জলবিদ্যুত ভেন্ট",
    "internal_mountains":	"অভ্যন্তরীণ পাহাড়",
    "porous_rocks":	"ছিদ্রযুক্ত শিলা",
    "coal":	"কয়লা",
    "garden":	"বাগান",
    "fasting":	"উপবাস",
    "minerals":	"খনিজ",
    "colonies":	"উপনিবেশ",
    "meteorites":	"উল্কা",
    "islam_basics":	"ইসলামের মৌলিক বিষয়",
    "qaida":	"কায়দা",
    "teachings_of_islam":	"ইসলামের শিক্ষা",
    "ramzan":	"রমজান",
    "resume":	"জীবনবৃত্তান্ত",
    "reciters_page":	"আবৃত্তিকারীদের পাতা",
    "abdul_rahman_alsudais":	"আব্দুল রহমান আলসুদাইস",
    "saad_el_ghamidi":	"সাদ এল গামিদি",
    "abdul_basit":	"আব্দুল বাসিত",
    "abdullah_awad_al_juhany":	"আবদুল্লাহ আওয়াদ আল জুহানি",
    "yaseen":	"ইয়াসিন",
    "alkahf":	"আলকাহফ",
    "my_stats":	"আমার পরিসংখ্যান",
    "your_app_engagement_stats":	"আপনার অ্যাপের ব্যস্ততার পরিসংখ্যান",
    "app_colors":	"অ্যাপের রং",
    "beliefs":	"বিশ্বাস",
    "practices":	"অনুশীলন",
    "halal_and_haram":	"হালাল এবং হারাম",
    "names":	"নাম",
    "islamic_pharases":	"ইসলামিক বাক্যাংশ",
    "week":	"সপ্তাহ",
    "month":	"মাস",
    "year":	"বছর",
    "muharram":	"মহরম",
    "safar":	"সাফির",
    "rabi_al-awwal":	"রবিউল আউয়াল",
    "rabi_al-thani":	"রবি আল-থানি",
    "jumada_al-awwal":	"জুমাদা আল-আউয়াল",
    "jumada_al-thani":	"জুমাদা আল-থানি",
    "rajab":	"রজব",
    "shaban":	"শাবান",
    "ramadan":	"রমজান",
    "shawwal":	"শাওয়াল",
    "dhu_al-qadah":	"যুল-কিদা",
    "dhu_al-hijjah":	"যুল হিজ্জাহ",
    "duas_for_rabbana":	"রাব্বানার জন্য দুআ",
    "duas_for_prayers":	"নামাজের জন্য দুআ",
    "duas_for_something":	"কোন কিছুর জন্য দুআ",
    "duas_for_certain_situations":	"নির্দিষ্ট পরিস্থিতিতে জন্য দুআ",
    "duas_for_istikhaara":	"ইস্তিখারার দুআ",
    "duas_for_controlling_yourself":	"নিজেকে নিয়ন্ত্রণ করার জন্য দুআ",
    "duas_for_betterment_of_others":	"অন্যের উন্নতির জন্য দুআ",
    "duas_for_the_deseased_at_the_funeral_prayer":	"জানাজায় মৃত ব্যক্তির জন্য দুআ",
    "collection_of_duas":	"দুআ সংগ্রহ",
    "audio_is_downloading":	"অডিও ডাউনলোড হচ্ছে",
    "we_will_provide_custom_recommendations_to_fit_your_individual_goals":	"আমরা আপনার ব্যক্তিগত লক্ষ্য ফিট করার জন্য কাস্টম সুপারিশ প্রদান করবে",
    "choose_upto_3_goals_for_precise_personalization":	"সুনির্দিষ্ট ব্যক্তিগতকরণের জন্য 3টি লক্ষ্য পর্যন্ত বেছে নিন",
    "stream/download_reciters":	"স্ট্রিম ডাউনলোড আবৃত্তিকার",
    "read_offline_quran":	"অফলাইনে কোরআন পড়ুন",
    "set_quran_goals":	"কোরানের লক্ষ্য নির্ধারণ করুন",
    "explore_the_quran":	"কুরআন অন্বেষণ করুন",
    "translations_&_reflection":	"অনুবাদ এবং প্রতিফলন",
    "learn_the_qaida":	"কায়দা শিখুন",
    "you_can_always_change_goals_later":	"আপনি সবসময় পরে লক্ষ্য পরিবর্তন করতে পারেন",
    "skip_for_now":	"এখন জন্য লাফালাফি",
    "purpose_of_quran_app?":	"কুরআন অ্যাপের উদ্দেশ্য?",
    "continue":	"চালিয়ে যান",
    "beautiful_recitations_from_around_the_world":	"সারা বিশ্ব থেকে সুন্দর আবৃত্তি",
    "set_your_favorite_reciter":	"আপনার প্রিয় আবৃত্তিকারী সেট করুন",
    "sheikh_mishary_al_afasy":	"শেখ মিশারী আল আফসী",
    "sheikh_maher_muaqily":	"শেখ মাহের মুয়াকিলি",
    "abdur-rahman_as-sudais":	"আবদুর-রহমান আস-সুদাইস",
    "saud_al-shuraim":	"সৌদ আল-শুরাইম",
    "hani_ar-rifai":	"হানি আর-রিফাই",
    "mahmoud_al-hussary":	"মাহমুদ আল হুসারি",
    "when_do_you_like_to_recite?":	"আপনি কখন কুরআন পড়তে পছন্দ করেন?",
    "morning":	"সকাল",
    "afternoon":	"বিকেল",
    "evening":	"সন্ধ্যা",
    "night":	"রাত",
    "set_up_a_daily_reminder_for_quran_recitation":	"কুরআন তেলাওয়াতের জন্য একটি দৈনিক অনুস্মারক সেট আপ করুন",
    "enabling_reminder_increases_the_likelihood_of_daily_quran_reading_by_3x._are_you_interested_in_establishing_a_successful_habit_of_reading_the_quran?":	"অনুস্মারক সক্ষম করা দৈনিক কুরআন পাঠের সম্ভাবনা 3x বাড়িয়ে দেয়। আপনি কি কুরআন পড়ার একটি সফল অভ্যাস গড়ে তুলতে আগ্রহী?",
    "set_reminder":	"অনুস্মারক সেট করুন",
    "how_much_time_would_you_like_to_read_the_quran_daily?":	"আপনি প্রতিদিন কত সময় কুরআন পড়তে চান?",
    "5_minutes":	"5 মিনিট",
    "10_minutes":	"10 মিনিট",
    "15_minutes":	"15 মিনিট",
    "20_minutes":	"২ 0 মিনিট",
    "30_minutes":	"30 মিনিট",
    "choose_your_preferred_language":	"আপনার পছন্দের ভাষা চয়ন করুন",
    "let's_personalize_the_app_experience":	"অ্যাপ অভিজ্ঞতা ব্যক্তিগতকৃত করা যাক",
    "urdu":	"উর্দু",
    "english":	"ইংরেজি",
    "hindi":	"হিন্দি",
    "bengali":	"বাঙ্গালী",
    "chinese":	"চীনা",
    "french":	"ফরাসি",
    "indonesian":	"ইন্দোনেশিয়ান",
    "spanish":	"স্পেনীয়",
    "german":	"জার্মান",
    "turn_on_notifications_to_get_the_most_out_of_quran_pro?":	"কুরআন প্রো থেকে সর্বাধিক সুবিধা পেতে বিজ্ঞপ্তিগুলি চালু করবেন?",
    "receive_personalized_recommedations,_hadiths,_athan,_duas_and_other_reminders_to_enhance_your_spirtual_journey._you_can_opt_out_anytime":	"আপনার আধ্যাত্মিক যাত্রা বাড়ানোর জন্য ব্যক্তিগতকৃত সুপারিশ, হাদিস, আথান, দোয়া এবং অন্যান্য অনুস্মারক গ্রহণ করুন। আপনি যে কোনো সময় ছেড়ে যেতে পারেন",
    "daily_quran_recitation_reminder":	"দৈনিক কোরআন তেলাওয়াত অনুস্মারক",
    "daily_quran_verse":	"প্রতিদিনের কুরআনের আয়াত",
    "daily_salah_reminder":	"দৈনিক সালাহ অনুস্মারক",
    "friday_prayer_reminder":	"শুক্রবারের প্রার্থনা অনুস্মারক",
    "finish_setup":	"সেটআপ শেষ করুন",
    "reciter":	"আবৃত্তিকারী",
    "search_surah_name":	"সূরার নাম অনুসন্ধান করুন",
    "search_juz_name":	"জুজের নাম অনুসন্ধান করুন",
    "choose_app_color":	"অ্যাপের রঙ বেছে নিন",
    "update_colors":	"রং আপডেট করুন",
    "arabic_font_preview":	"আরবি ফন্ট প্রিভিউ",
    "translation_text_size":	"অনুবাদ পাঠের আকার",
    "translation_font_preview":	"অনুবাদ ফন্ট প্রিভিউ",
    "default_translation_language":	"ডিফল্ট অনুবাদ ভাষা",
    "translations":	"অনুবাদ",
    "downloaded_audio":	"ডাউনলোড করা অডিও",
    "upgrade_to_premium":	"প্রিমিয়ামে আপগ্রেড করুন",
    "get_the_premium_today_and_enjoy_unlimited_access_to_the_quran_pro_app":	"আজই প্রিমিয়াম পান এবং কুরআন অ্যাপে সীমাহীন অ্যাক্সেস উপভোগ করুন",
    "ad-free_app_experience":	"বিজ্ঞাপন-মুক্ত অ্যাপ অভিজ্ঞতা",
    "unlock_quran_stories":	"কুরআনের গল্প আনলক করুন",
    "start_free_trial":	"বিনামূল্যে ট্রায়াল শুরু করুন",
    "your_current_location":	"আপনার বর্তমান অবস্থান",
    "other_tasbeeh_of_your_choice":	"আপনার পছন্দের অন্যান্য তাসবীহ",
    "custom_count":	"কাস্টম গণনা",
    "6_kalimas":	"৬টি কালিমা",
    "km":	"কিলোমিটার",
    "px":	"পিক্সেল",
    "arabic_font":	"আরবি ফন্ট" ,
    "login_to_get_started":	"শুরু করতে লগইন করুন",
    "enter_your_email":	"তুমার ইমেইল প্রবেশ করাও",
    "password":	"পাসওয়ার্ড",
    "forgot_password":	"পাসওয়ার্ড ভুলে গেছেন",
    "or_login_using":	"অথবা ব্যবহার করে লগইন করুন",
    "don't_have_an_account_register":	"একটি অ্যাকাউন্ট নেই? নিবন্ধন",
    "create_an_account_to_save_your_progress":	"আপনার অগ্রগতি সংরক্ষণ করতে একটি অ্যাকাউন্ট তৈরি করুন",
    "let's_get_started_on_the_quran_pro_app":	"আসুন কুরআন প্রো অ্যাপে শুরু করা যাক",
    "register":	"নিবন্ধন",
    "or_register_using":	"অথবা ব্যবহার করে নিবন্ধন করুন",
    "already_have_account_an_account_login":	"ইতিমধ্যে একটি অ্যাকাউন্ট আছে? প্রবেশ করুন",
    "what's_your_name?":	"তোমার নাম কি?",
    "your_name":	"তোমার নাম",
    "somali":	"সোমালি",
    "please_be_patient_as_we_create_a_personalized_experience_for_your_quran_study":	"অনুগ্রহ করে ধৈর্য ধরুন কারণ আমরা আপনার কোরআন অধ্যয়নের জন্য একটি ব্যক্তিগত অভিজ্ঞতা তৈরি করি",
    "playing_recitation":	"আবৃত্তি খেলা",
    "surah_playlist":	"সূরা প্লেলিস্ট",
    "no_active_internet_connection":	"সক্রিয় ইন্টারনেট সংযোগ নেই",
    "retry":	"পুনরায় চেষ্টা করা",
    "daily_duas":	"প্রতিদিনের দুআ",
    "please_let_us_know_what_you_would_like_to_do":	"আপনি কি করতে চান দয়া করে আমাদের জানান",
    "description":	"বর্ণনা",
    "your_email":	"তোমার ইমেইল",
    "submit":	"জমা",
    "terms_&_conditions":	"শর্তাবলী",
    "how_your_free_trial_works":	"আপনার বিনামূল্যে ট্রায়াল কিভাবে কাজ করে",
    "today":	"আজ",
    "start_your_full_access_to_all_the_sections_of_app":	"অ্যাপের সমস্ত বিভাগে আপনার সম্পূর্ণ অ্যাক্সেস শুরু করুন",
    "day_5":	"দিন 5",
    "you_will_get_a_reminder_about_when_your_trial_will_end":	"আপনার ট্রায়াল কখন শেষ হবে সে সম্পর্কে আপনি একটি অনুস্মারক পাবেন৷",
    "day_7":	"দিন 7",
    "you_will_be_charged_cancel_anytime_before_this.":	"আপনি চার্জ করা হবে. এর আগে যেকোনো সময় বাতিল করুন।",
    "unlimited_free_access_for_days_then_us_per_year_us_per_month)":	"7 দিনের জন্য সীমাহীন বিনামূল্যে অ্যাক্সেস, তারপর প্রতি বছর US $15.49 (প্রতি মাসে US $1.29)",
    "view_all_plans":	"সমস্ত পরিকল্পনা দেখুন",
    "limited_time_offer_for_unlimited_perks_&_benefits":	"সীমাহীন সুবিধা এবং সুবিধার জন্য সীমিত সময়ের অফার",
    "ends_in":	"শেষ হয়",
    "plans_specially_curated_for_you":	"আপনার জন্য বিশেষভাবে তৈরি করা পরিকল্পনা",
    "monthly":	"মাসিক",
    "yearly":	"বার্ষিক",
    "6_months":	"6 মাস",
    "12_months":	"1 ২ মাস",
    "1_month":	"1 মাস",
    "prime_plan":	"প্রধান পরিকল্পনা",
    "no_ads":	"কোন বিজ্ঞাপন নেই",
    "purchase_now":	"এখনই কিনুন",
    "recurring_billing_cancel_anytime":	"পুনরাবৃত্ত বিলিং। যেকোনো সময় বাতিল করুন",
    "your_subscription_will_automatically_renew_for_the_same_purchasing_program_at_the_same_time":	"আপনার সাবস্ক্রিপশন স্বয়ংক্রিয়ভাবে একই ক্রয় প্রোগ্রামের জন্য একই সময়ে পুনর্নবীকরণ হবে",
    "previous_chapter":	"আগের অধ্যায়",
    "listen_story":	"গল্প শুনুন",
    "next_chapter":	"পরের অধ্যায়",
    "get_the_premium_today_and_enjoy_unlimited_access_to_the_quran_app":	"আজই প্রিমিয়াম পান এবং কোরআন অ্যাপে সীমাহীন অ্যাক্সেস উপভোগ করুন",
    "available_plans_for_you":	"আপনার জন্য উপলব্ধ পরিকল্পনা",
    "monthly_plan":	"মাসিক পরিকল্পনা",
    "3_day_free_trial_restore_purchase":	"3 দিনের বিনামূল্যে ট্রায়াল + পুনরুদ্ধার ক্রয়",
    "yearly_plan":	"বার্ষিক পরিকল্পনা",
    "7_day_free_trial_restore_purchase":	"7 দিনের বিনামূল্যে ট্রায়াল + পুনরুদ্ধার ক্রয়",
    "lifetime_plan":	"আজীবন পরিকল্পনা",
    "15_day_free_trial":	"15 দিনের বিনামূল্যে ট্রায়াল",
    "purchase":	"ক্রয়",
    "as_a_premium_member_you_have_access_to":	"একটি প্রিমিয়াম সদস্য হিসাবে আপনার অ্যাক্সেস আছে",
    "having_an_issue_please_write_to_us":	"একটি সমস্যা হচ্ছে? আমাদের লিখুন",
    "submit_feedback":	"প্রতিক্রিয়া জমা দিন",
    "restore_purchase":	"ক্রয় পুনরুদ্ধার",
    "full_name":	"পুরো নাম",
    "email_address":	"ইমেইল ঠিকানা",
    "preferred_app_language":	"পছন্দের অ্যাপ ভাষা",
    "logged_in_devices":	"লগ ইন ডিভাইস",
    "update_profile":	"প্রফাইল হালনাগাদ",
    "enter_tasbeeh_count":	"তাসবীহ গণনা লিখুন",
    "confirm":	"নিশ্চিত করুন",
    "prayer_time_notfication":	"নামাজের সময় বিজ্ঞপ্তি",
    "what_are_you_hoping_to_achieve_with_quran_app?":	"আপনি কুরআন অ্যাপ দিয়ে কি অর্জন করতে চান?",
    "listen_to_the_quran_from_the_world's_most_beautiful_voices":	"বিশ্বের সবচেয়ে সুন্দর কণ্ঠ থেকে কুরআন শুনুন",
    "how_fluent_are_you_with_quran?":	"আপনি কুরআনের সাথে কতটা সাবলীল?",
    "beginner":	"শিক্ষানবিস",
    "intermediate":	"মধ্যবর্তী",
    "fluent":	"সাবলীল",
    "expert":	"বিশেষজ্ঞ",
    "what's_your_email_address?":	"আপনার ইমেল ঠিকানা কি?",
    "finish_profile":	"প্রোফাইল শেষ করুন",
    "dua_reminder":	"দুআ অনুস্মারক",
    "male_and_female_relationships":	"পুরুষ এবং মহিলা সম্পর্ক",
    "mb":	"মেগাবাইট",
    "downloaded":	"ডাউনলোড করা",
    "collection_of":	"সংগ্রহ",
    "currently_playing":	"বর্তমানে খেলা",
    "currently_selected":	"বর্তমানে নির্বাচিত",
    "of":	"এর",

    "kb": "kb",
    "enter_the_count": "Enter the count",
    "now_playing": "Now Playing",
    "please_wait": "Please Wait",
    "manage_profile": "Manage Profile",
    "all_reciters": "All Reciters"
 }