{
    "quran":	"Koran",
    "recitation":	"Rezitation",
    "hour":	"Stunde",
    "surah":	"Sure",
    "duas":	"Dua",
    "favorites":	"Favoriten",
    "index":	"Index",
    "juz":	"Saft",
    "bookmarks":	"Lesezeichen",
    "reciters":	"Rezitatoren",
    "21_mb_of_124_mb_downloaded":	"21 MB von 124 MB heruntergeladen",
    "playing":	"spielen",
    "surah_al_baqarah":	"Sure al-Baqara",
    "surah_index":	"Surenindex",
    "read_quran_settings":	"Koraneinstellungen lesen",
    "arabic":	"Arabisch",
    "translation":	"Übersetzung",
    "translation_language":	"Übersetzungssprache",
    "quran_text_size":	"koran textgröße",
    "translations_text_size":	"Übersetzungen Textgröße",
    "save_settings":	"Einstellungen speichern",
    "dua_categories":	"Dua-Kategorien",
    "juz_index":	"Juzz-Index",
    "audio_bookmarks":	"Audio-Lesezeichen",
    "reading_bookmarks":	"Lesezeichen lesen",
    "favorite_reciters":	"Lieblingsrezitatoren",
    "more":	"mehr",
    "99_names_of_allah":	"99 Namen Allahs",
    "qibla_direction":	"Qibla-Richtung",
    "step_by_step_salah":	"Schritt für Schritt Salah",
    "salah_timer":	"Salah-Timer",
    "shahada":	"Schahada",
    "tasbeeh":	"Tasbeh",
    "degree_of_the_qibla":	"Grad der Qibla",
    "distance_to_qibla":	"Entfernung zu Qibla",
    "longitude":	"Längengrad",
    "latitude":	"Breite",
    "switch_to_3d_view":	"Wechseln Sie in die 3D-Ansicht",
    "fajar":	"fajar",
    "dhuhar":	"dhuhar",
    "asr":	"asr",
    "maghrib":	"maghrib",
    "isha":	"Ischa",
    "allah_hu_akbar":	"allah hu akbar",
    "alhamulillah":	"alhamulillah",
    "subhanallah":	"subhanallah",
    "custom":	"Brauch",
    "1st_shahadah_purity":	"1. Shahadah Reinheit",
    "2nd_shahadah_testimony":	"Zweites Schahada-Zeugnis",
    "3rd_shahadah_glorification":	"3. Schahada-Verherrlichung",
    "4th_shahadah_unity":	"4. Shahadah-Einheit",
    "5th_shahadah_penitence":	"5. Shahadah Buße",
    "6th_shahadah_rejecting_disbelief":	"6. Shahadah, die den Unglauben ablehnt",
    "settings":	"Einstellungen",
    "app_experience":	"App-Erfahrung",
    "upgrade_app_experience":	"Upgrade-App-Erfahrung",
    "manage_subscriptions":	"Abonnements verwalten",
    "edit_profile":	"Profil bearbeiten",
    "logged_in_as":	"Angemeldet als",
    "choose_dark_or_light_mode":	"Wählen Sie den dunklen oder hellen Modus",
    "app_font":	"App-Schriftart",
    "translation_manager":	"Übersetzungsmanager",
    "download_manager":	"Download-Manager",
    "app_language":	"App-Sprache",
    "notifications":	"Benachrichtigungen",
    "app_support":	"App-Unterstützung",
    "report_an_issue":	"ein Problem melden",
    "privacy_policy":	"Datenschutz-Bestimmungen",
    "terms_of_service":	"Nutzungsbedingungen",
    "about_the_app":	"über die App",
    "feedback":	"Rückmeldung",
    "share":	"Aktie",
    "logout":	"Ausloggen",
    "app_theme":	"App-Thema",
    "choose_app_theme":	"Wählen Sie das App-Design",
    "customize_the_app_experience":	"Passen Sie das App-Erlebnis an",
    "light_mode":	"Lichtmodus",
    "dark_mode":	"dunkler Modus",
    "next_surah":	"nächste Sure",
    "continue_to_next_surah":	"weiter zur nächsten Sure",
    "home":	"heim",
    "your_engagement":	"Ihre Verlobung",
    "this_week":	"diese Woche",
    "minutes":	"Protokoll",
    "from_last_week":	"von letzter Woche",
    "lifetime":	"Lebensdauer",
    "continue_where_you_left_off":	"Machen Sie dort weiter, wo Sie aufgehört haben",
    "quran_stories":	"Koran Geschichten",
    "surah_ar_rahman":	"Sure ar rahman",
    "the_merciful_surah_55":	"die barmherzige Sure 55",
    "ayat":	"ayat",
    "page":	"Buchseite",
    "view_all":	"Alle ansehen",
    "verse_of_the_day":	"Vers des Tages",
    "quran_miracles":	"Koran Wunder",
    "story_of_prophet_noah":	"Geschichte des Propheten Noah",
    "quran_inspiration":	"Koran-Inspiration",
    "karoon":	"Karon",
    "people_of_the_cave":	"Menschen der Höhle",
    "barsisa:the_renegade":	"barsisa: die Renegatin",
    "people_of_the_elephants":	"Menschen der Elefanten",
    "people_of_the_garden":	"Menschen des Gartens",
    "queen_sheba":	"Königin Saba",
    "wisdom_of_luqman":	"Weisheit von Luqman",
    "sinkholes":	"Dolinen",
    "hydrothermal_vents":	"Hydrothermalquellen",
    "internal_mountains":	"Innere Berge",
    "porous_rocks":	"poröse Gesteine",
    "coal":	"Kohle",
    "garden":	"Garten",
    "fasting":	"Fasten",
    "minerals":	"Mineralien",
    "colonies":	"Kolonien",
    "meteorites":	"Meteoriten",
    "islam_basics":	"Islamische Grundlagen",
    "qaida":	"Qaida",
    "teachings_of_islam":	"Lehren des Islam",
    "ramzan":	"ramzan",
    "resume":	"fortsetzen",
    "reciters_page":	"Rezitatoren Seite",
    "abdul_rahman_alsudais":	"abdul rahman alsudais",
    "saad_el_ghamidi":	"Saad El Ghamidi",
    "abdul_basit":	"Abdulbasit",
    "abdullah_awad_al_juhany":	"abdullah awad al-juhany",
    "yaseen":	"yaseen",
    "alkahf":	"Alkahf",
    "my_stats":	"meine Statistiken",
    "your_app_engagement_stats":	"Ihre App-Engagement-Statistiken",
    "app_colors":	"App-Farben",
    "beliefs":	"Überzeugungen",
    "practices":	"Praktiken Methoden Ausübungen",
    "halal_and_haram":	"halal und haram",
    "names":	"Namen",
    "islamic_pharases":	"islamische sätze",
    "week":	"Woche",
    "month":	"Monat",
    "year":	"Jahr",
    "muharram":	"Muharram",
    "safar":	"safar",
    "rabi_al-awwal":	"rabi al-awwal",
    "rabi_al-thani":	"rabi al-thani",
    "jumada_al-awwal":	"jumada al-awwal",
    "jumada_al-thani":	"jumada al-thani",
    "rajab":	"Rajab",
    "shaban":	"Schaban",
    "ramadan":	"Ramadan",
    "shawwal":	"Shawwal",
    "dhu_al-qadah":	"Dhu al-Qadah",
    "dhu_al-hijjah":	"dhu al-hijjah",
    "duas_for_rabbana":	"Duas für Rabbana",
    "duas_for_prayers":	"Duas für Gebete",
    "duas_for_something":	"Duas für etwas",
    "duas_for_certain_situations":	"Duas für bestimmte Situationen",
    "duas_for_istikhaara":	"Duas für istikhaara",
    "duas_for_controlling_yourself":	"Duas, um sich selbst zu kontrollieren",
    "duas_for_betterment_of_others":	"Duas zur Verbesserung anderer",
    "duas_for_the_deseased_at_the_funeral_prayer":	"Duas für die Verstorbenen beim Totengebet",
    "collection_of_duas":	"Sammlung von Duas",
    "audio_is_downloading":	"Audio wird heruntergeladen",
    "we_will_provide_custom_recommendations_to_fit_your_individual_goals":	"Wir werden maßgeschneiderte Empfehlungen geben, die Ihren individuellen Zielen entsprechen",
    "choose_upto_3_goals_for_precise_personalization":	"Wählen Sie bis zu 3 Ziele für eine präzise Personalisierung",
    "stream/download_reciters":	"Rezitator zum Streamen herunterladen",
    "read_offline_quran":	"Lesen Sie den Koran offline",
    "set_quran_goals":	"Koran-Ziele setzen",
    "explore_the_quran":	"Erkunde den Koran",
    "translations_&_reflection":	"Übersetzungen & Reflexion",
    "learn_the_qaida":	"Lernen Sie die Qaida",
    "you_can_always_change_goals_later":	"Sie können die Ziele später jederzeit ändern",
    "skip_for_now":	"für jetzt überspringen",
    "purpose_of_quran_app?":	"Zweck der Koran-App?",
    "continue":	"weitermachen",
    "beautiful_recitations_from_around_the_world":	"schöne Rezitationen aus der ganzen Welt",
    "set_your_favorite_reciter":	"Stellen Sie Ihren Lieblingsrezitator ein",
    "sheikh_mishary_al_afasy":	"Scheich Mishary Al Afasy",
    "sheikh_maher_muaqily":	"Scheich Maher muaqily",
    "abdur-rahman_as-sudais":	"abdur-rahman as-sudais",
    "saud_al-shuraim":	"Saud al-Schuraim",
    "hani_ar-rifai":	"hani ar-rifai",
    "mahmoud_al-hussary":	"mahmoud al-hussary",
    "when_do_you_like_to_recite?":	"Wann liest du am liebsten den Koran?",
    "morning":	"Morgen",
    "afternoon":	"Nachmittag",
    "evening":	"Abend",
    "night":	"Nacht",
    "set_up_a_daily_reminder_for_quran_recitation":	"Richten Sie eine tägliche Erinnerung für die Koranrezitation ein",
    "enabling_reminder_increases_the_likelihood_of_daily_quran_reading_by_3x._are_you_interested_in_establishing_a_successful_habit_of_reading_the_quran?":	"Die Aktivierung der Erinnerung erhöht die Wahrscheinlichkeit des täglichen Koranlesens um das Dreifache. Interessieren Sie sich für eine erfolgreiche Gewohnheit, den Koran zu lesen?",
    "set_reminder":	"Erinnerung einstellen",
    "how_much_time_would_you_like_to_read_the_quran_daily?":	"Wie viel Zeit möchten Sie täglich im Koran lesen?",
    "5_minutes":	"5 Minuten",
    "10_minutes":	"10 Minuten",
    "15_minutes":	"15 Minuten",
    "20_minutes":	"20 Minuten",
    "30_minutes":	"30 Minuten",
    "choose_your_preferred_language":	"Wählen Sie Ihre bevorzugte Sprache",
    "let's_personalize_the_app_experience":	"Lassen Sie uns das App-Erlebnis personalisieren",
    "urdu":	"Urdu",
    "english":	"Englisch",
    "hindi":	"Hindi",
    "bengali":	"Bangali",
    "chinese":	"Chinesisch",
    "french":	"französisch",
    "indonesian":	"indonesisch",
    "spanish":	"Spanisch",
    "german":	"Deutsch",
    "turn_on_notifications_to_get_the_most_out_of_quran_pro?":	"Aktivieren Sie Benachrichtigungen, um Quran Pro optimal zu nutzen?",
    "receive_personalized_recommedations,_hadiths,_athan,_duas_and_other_reminders_to_enhance_your_spirtual_journey._you_can_opt_out_anytime":	"Erhalten Sie personalisierte Empfehlungen, Hadithe, Athan, Duas und andere Erinnerungen, um Ihre spirituelle Reise zu verbessern. Sie können sich jederzeit abmelden",
    "daily_quran_recitation_reminder":	"tägliche Koranrezitationserinnerung",
    "daily_quran_verse":	"täglicher koranvers",
    "daily_salah_reminder":	"Tägliche Salah-Erinnerung",
    "friday_prayer_reminder":	"Freitag Gebetserinnerung",
    "finish_setup":	"Einrichtung beenden",
    "reciter":	"Rezitator",
    "search_surah_name":	"Suchen Sie nach Surah-Namen",
    "search_juz_name":	"Suchen Sie nach Juz-Namen",
    "choose_app_color":	"Wählen Sie die App-Farbe",
    "update_colors":	"Farben aktualisieren",
    "arabic_font_preview":	"Vorschau der arabischen Schrift",
    "translation_text_size":	"Übersetzungstextgröße",
    "translation_font_preview":	"Vorschau der Übersetzungsschrift",
    "default_translation_language":	"Standardübersetzungssprache",
    "translations":	"Übersetzungen",
    "downloaded_audio":	"heruntergeladene Audiodatei",
    "upgrade_to_premium":	"auf Premium upgraden",
    "get_the_premium_today_and_enjoy_unlimited_access_to_the_quran_pro_app":	"Holen Sie sich noch heute die Premium-Version und genießen Sie unbegrenzten Zugriff auf die Koran-App",
    "ad-free_app_experience":	"werbefreies App-Erlebnis",
    "unlock_quran_stories":	"Korangeschichten freischalten",
    "start_free_trial":	"Kostenlos testen",
    "your_current_location":	"Deine aktuelle Position",
    "other_tasbeeh_of_your_choice":	"andere Tasbeeh Ihrer Wahl",
    "custom_count":	"benutzerdefinierte Zählung",
    "6_kalimas":	"6 Kalimas",
    "km":	"km",
    "px":	"px",
    "arabic_font":	"arabische Schriftart",
    "login_to_get_started":	"anmelden, um loszulegen",
    "enter_your_email":	"geben sie ihre E-Mail Adresse ein",
    "password":	"Passwort",
    "forgot_password":	"Passwort vergessen",
    "or_login_using":	"oder melden Sie sich mit an",
    "don't_have_an_account_register":	"Sie haben kein Konto? Registrieren",
    "create_an_account_to_save_your_progress":	"Erstellen Sie ein Konto, um Ihren Fortschritt zu speichern",
    "let's_get_started_on_the_quran_pro_app":	"Beginnen wir mit der Quran Pro App",
    "register":	"registrieren",
    "or_register_using":	"oder registrieren Sie sich mit",
    "already_have_account_an_account_login":	"Haben Sie bereits ein Konto? Anmeldung",
    "what's_your_name?":	"Wie heißen Sie?",
    "your_name":	"Ihren Namen",
    "somali":	"somali",
    "please_be_patient_as_we_create_a_personalized_experience_for_your_quran_study":	"Bitte haben Sie etwas Geduld, während wir ein personalisiertes Erlebnis für Ihr Koranstudium schaffen",
    "playing_recitation":	"Rezitation spielen",
    "surah_playlist":	"Surah-Playlist",
    "no_active_internet_connection":	"keine aktive Internetverbindung",
    "retry":	"wiederholen",
    "daily_duas":	"tägliche Duas",
    "please_let_us_know_what_you_would_like_to_do":	"Bitte lassen Sie uns wissen, was Sie tun möchten",
    "description":	"Beschreibung",
    "your_email":	"deine E-Mail",
    "submit":	"einreichen",
    "terms_&_conditions":	"Terms & amp; Bedingungen",
    "how_your_free_trial_works":	"wie Ihre kostenlose Testversion funktioniert",
    "today":	"Heute",
    "start_your_full_access_to_all_the_sections_of_app":	"Starten Sie Ihren vollen Zugriff auf alle Bereiche der App",
    "day_5":	"Tag 5",
    "you_will_get_a_reminder_about_when_your_trial_will_end":	"Sie erhalten eine Erinnerung, wann Ihre Testversion endet",
    "day_7":	"Tag 7",
    "you_will_be_charged_cancel_anytime_before_this.":	"Sie werden belastet. Vorher jederzeit kündbar.",
    "unlimited_free_access_for_days_then_us_per_year_us_per_month)":	"unbegrenzter kostenloser Zugang für 7 Tage, dann 15,49 US-Dollar pro Jahr (1,29 US-Dollar pro Monat)",
    "view_all_plans":	"alle Pläne anzeigen",
    "limited_time_offer_for_unlimited_perks_&_benefits":	"zeitlich begrenztes Angebot für unbegrenzte Vergünstigungen und Vorteile",
    "ends_in":	"endet in",
    "plans_specially_curated_for_you":	"Speziell für Sie kuratierte Pläne",
    "monthly":	"monatlich",
    "yearly":	"jährlich",
    "6_months":	"6 Monate",
    "12_months":	"12 Monate",
    "1_month":	"1 Monat",
    "prime_plan":	"Hauptplan",
    "no_ads":	"keine Werbung",
    "purchase_now":	"jetzt kaufen",
    "recurring_billing_cancel_anytime":	"wiederkehrende Abrechnung. Jederzeit kündbar",
    "your_subscription_will_automatically_renew_for_the_same_purchasing_program_at_the_same_time":	"Ihr Abonnement verlängert sich gleichzeitig automatisch für dasselbe Kaufprogramm",
    "previous_chapter":	"vorheriges Kapitel",
    "listen_story":	"Geschichte hören",
    "next_chapter":	"nächstes Kapitel",
    "get_the_premium_today_and_enjoy_unlimited_access_to_the_quran_app":	"Holen Sie sich noch heute die Prämie und genießen Sie unbegrenzten Zugriff auf die Koran-App",
    "available_plans_for_you":	"verfügbare Pläne für Sie",
    "monthly_plan":	"monatlicher Plan",
    "3_day_free_trial_restore_purchase":	"3 Tage kostenlose Testversion + Kauf wiederherstellen",
    "yearly_plan":	"Jahresplan",
    "7_day_free_trial_restore_purchase":	"7 Tage kostenlose Testversion + Kauf wiederherstellen",
    "lifetime_plan":	"Lebensplan",
    "15_day_free_trial":	"15 Tage kostenlose Testversion",
    "purchase":	"kaufen",
    "as_a_premium_member_you_have_access_to":	"Als Premium-Mitglied haben Sie Zugriff darauf",
    "having_an_issue_please_write_to_us":	"ein Problem haben? Bitte schreiben Sie uns",
    "submit_feedback":	"Feedback abgeben",
    "restore_purchase":	"Kauf wiederherstellen",
    "full_name":	"vollständiger Name",
    "email_address":	"E-Mail-Addresse",
    "preferred_app_language":	"bevorzugte App-Sprache",
    "logged_in_devices":	"eingeloggte Geräte",
    "update_profile":	"Profil aktualisieren",
    "enter_tasbeeh_count":	"Geben Sie die Tasbeeh-Zählung ein",
    "confirm":	"bestätigen",
    "prayer_time_notfication":	"Benachrichtigung zur Gebetszeit",
    "what_are_you_hoping_to_achieve_with_quran_app?":	"was erhoffst du dir mit der koran app?",
    "listen_to_the_quran_from_the_world's_most_beautiful_voices":	"Hören Sie den Koran von den schönsten Stimmen der Welt",
    "how_fluent_are_you_with_quran?":	"wie gut kennst du den koran?",
    "beginner":	"Anfänger",
    "intermediate":	"dazwischenliegend",
    "fluent":	"fließend",
    "expert":	"Experte",
    "what's_your_email_address?":	"Was ist Ihre E-Mail-Adresse?",
    "finish_profile":	"Profil abschließen",
    "dua_reminder":	"Dua-Erinnerung",
    "male_and_female_relationships": "männliche und weibliche Beziehungen" ,
    "mb":	"mb",
    "downloaded":	"heruntergeladen",
    "collection_of":	"Sammlung von",
    "currently_playing":	"spielt gerade",
    "currently_selected":	"Zurzeit ausgewählt",
    "of":	"von",

    "kb": "kb",
    "enter_the_count": "Enter the count",
    "now_playing": "Now Playing",
    "please_wait": "Please Wait",
    "manage_profile": "Manage Profile",
    "all_reciters": "All Reciters",
    "complete_quran": "Complete Quran"
 }