{
    "quran":	"Quran",
    "recitation":	"Recitation",
    "hour":	"Hours",
    "surah":	"Surah",
    "duas":	"Dua",
    "favorites":	"Favorites",
    "index":	"Index",
    "juz":	"Juz",
    "bookmarks":	"Bookmarks",
    "reciters":	"Reciters",
    "21_mb_of_124_mb_downloaded":	"21mb of 124mb downloaded",
    "playing":	"Playing",
    "surah_al_baqarah":	"Surah Al-Baqarah",
    "surah_index":	"Surah Index",
    "read_quran_settings":	"Read Quran Settings",
    "arabic":	"Arabic",
    "translation":	"Translation",
    "translation_language":	"Translation Language",
    "quran_text_size":	"Quran Text Size",
    "translation_text_size":	"Translation Text Size",
    "save_settings":	"SAVE SETTINGS",
    "dua_categories":	"Dua Categories",
    "juz_index":	"Juz Index",
    "audio_bookmarks":	"Audio Bookmarks",
    "reading_bookmarks":	"Reading Bookmarks",
    "favorite_reciters":	"Favorite Reciters",
    "more":	"more",
    "99_names_of_allah":	"99 Names of Allah",
    "qibla_direction":	"Qibla Direction",
    "step_by_step_salah":	"Step By Step Salah",
    "salah_timer":	"Salah Timer",
    "shahada":	"Shahada",
    "tasbeeh":	"Tasbeeh",
    "degree_of_the_qibla":	"Degree of the Qibla",
    "distance_to_qibla":	"Distance to Qibla",
    "longitude":	"Longitude",
    "latitude":	"Latitude",
    "switch_to_3d_view":	"SWITCH TO 3D VIEW",
    "fajar":	"Fajar",
    "dhuhar":	"Duhar",
    "asr":	"Asar",
    "maghrib":	"Maghrib",
    "isha":	"Isha",
    "allah_hu_akbar":	"Allah Hu Akbar",
    "alhamulillah":	"Alhamulillah",
    "subhanallah":	"Subhanallah",
    "custom":	"Custom",
    "1st_shahadah_purity":	"1st Shahadah Purity",
    "2nd_shahadah_testimony":	"2nd Shahadah Testimony",
    "3rd_shahadah_glorification":	"3rd Shahadah Glorification",
    "4th_shahadah_unity":	"4th Shahadah Unity",
    "5th_shahadah_penitence":	"5th Shahadah Penitence",
    "6th_shahadah_rejecting_disbelief":	"6th Shahadah Rejecting Disbelief",
    "settings":	"Settings",
    "app_experience":	"App Experience",
    "upgrade_app_experience":	"Upgrade App Experience",
    "manage_subscriptions":	"Manage Subscriptions",
    "edit_profile":	"Edit Profile",
    "logged_in_as":	"Logged in as",
    "choose_dark_or_light_mode":	"Choose Dark or Light Mode",
    "app_font":	"App Font",
    "translation_manager":	"Translation Manager",
    "download_manager":	"Download Manager",
    "app_language":	"App Language",
    "notifications":	"Notifications",
    "app_support":	"App Support",
    "report_an_issue":	"Report an Issue",
    "privacy_policy":	"Privacy Policy",
    "terms_of_service":	"Terms of Service",
    "about_the_app":	"About the App",
    "feedback":	"Feedback",
    "share":	"Share",
    "logout":	"Logout",
    "app_theme":	"App Theme",
    "choose_app_theme":	"Choose App Theme",
    "customize_the_app_experience":	"Customize the App Experience",
    "light_mode":	"Light Mode",
    "dark_mode":	"Dark Mode",
    "next_surah":	"Next surah",
    "continue_to_next_surah":	"Continue to Next Surah",
    "home":	"Home",
    "your_engagement":	"Your Engagement",
    "this_week":	"This Week",
    "minutes":	"minutes",
    "from_last_week":	"From Last Week",
    "lifetime":	"Lifetime",
    "continue_where_you_left_off":	"Continue where you left off",
    "quran_stories":	"Quran Stories",
    "surah_ar-rahman":	"Surah Ar-Rahman",
    "the_merciful,surah_#_55":	"The Merciful,surah # 55",
    "ayat":	"Ayat",
    "page":	"Page",
    "view_all":	"View All",
    "verse_of_the_day":	"Verse of the Day",
    "quran_miracles":	"Quran Miracles",
    "story_of_prophet_noah":	"Story of Prophet Noah",
    "quran_inspiration":	"Quran Inspiration",
    "karoon":	"Karoon",
    "people_of_the_cave":	"People of the Cave",
    "barsisa:the_renegade":	"Barsisa: the Renegade",
    "people_of_the_elephants":	"People of the Elephants",
    "people_of_the_garden":	"People of the Garden",
    "queen_sheba":	"Queen Sheba",
    "wisdom_of_luqman":	"Wisdom of Luqman",
    "sinkholes":	"Sinkholes",
    "hydrothermal_vents":	"Hydrothermal Vents",
    "internal_mountains":	"Internal Mountains",
    "porous_rocks":	"Porous Rocks",
    "coal":	"Coal",
    "garden":	"Garden",
    "fasting":	"Fasting",
    "minerals":	"Minerals",
    "colonies":	"Colonies",
    "meteorites":	"Meteorites",
    "islam_basics":	"Islam Basics",
    "qaida":	"Qaida",
    "teachings_of_islam":	"Teachings of Islam",
    "ramzan":	"Ramzan",
    "resume":	"Resume",
    "reciters_page":	"Reciters Page",
    "abdul_rahman_al-sudais":	"Abdul Rahman Al-Sudais",
    "saad_el_ghamidi":	"Saad El Ghamidi",
    "abdul_basit":	"Abdul Basit",
    "abdullah_awad_al_juhany":	"Abdullah Awad Al-Juhany",
    "yaseen":	"Yaseen",
    "alkahf":	"Alkahf",
    "my_stats":	"My Stats",
    "your_app_engagement_stats":	"Your App Engagement Stats",
    "app_colors":	"App Colors",
    "beliefs":	"Beliefs",
    "practices":	"Practices",
    "halal_and_haram":	"Halal and Haram",
    "names":	"Names",
    "islamic_pharases":	"Islamic Pharases",
    "week":	"Week",
    "month":	"Month",
    "year":	"Year",
    "muharram":	"Muharram",
    "safar":	"Safar",
    "rabi_al-awwal":	"Rabi Al-Awwal",
    "rabi_al-thani":	"Rabi Al-Thani",
    "jumada_al-awwal":	"Jumada Al-Awwal",
    "jumada_al-thani":	"Jumada Al-Thani",
    "rajab":	"Rajab",
    "shaban":	"Shaban",
    "ramadan":	"Ramadan",
    "shawwal":	"Shawwal",
    "dhu_al-qadah":	"Dhu Al-Qadah",
    "dhu_al-hijjah":	"Dhu Al-Hijjah",
    "duas_for_rabbana":	"Duas for Rabbana",
    "duas_for_prayers":	"Duas for Prayers",
    "duas_for_something":	"Duas for Something",
    "duas_for_certain_situations":	"Duas for Certain Situations",
    "duas_for_istikhaara":	"Duas for Istikhaara",
    "duas_for_controlling_yourself":	"Duas for Controlling Yourself",
    "duas_for_betterment_of_others":	"Duas for Betterment of Others",
    "duas_for_the_deseased_at_the_funeral_prayer":	"Duas for the Deseased at the Funeral Prayer",
    "collection_of_duas":	"Collection of Duas",
    "audio_is_downloading":	"Audio is Downloading",
    "we_will_provide_custom_recommendations_to_fit_your_individual_goals":	"We will provide custom recommendations to fit your individual goals",
    "choose_upto_3_goals_for_precise_personalization":	"Choose upto 3 goals for precise personalization",
    "stream/download_reciters":	"Stream/Download Reciters",
    "read_offline_quran":	"Read Offline Quran",
    "set_quran_goals":	"Set Quran Goals",
    "explore_the_quran":	"Explore the Quran",
    "translations_&_reflection":	"Translation & Reflections",
    "learn_the_qaida":	"Learn the Qaida",
    "prayer_time_notification": "Prayer Time Notification",
    "you_can_always_change_goals_later": "You can always change goals later",
    "skip_for_now":	"Skip For Now",
    "purpose_of_quran_app?":	"Purpose of Quran App?",
    "continue":	"CONTINUE",
    "beautiful_recitations_from_around_the_world":	"Beautiful recitations from around the world",
    "set_your_favorite_reciter":	"Set your favorite reciter",
    "sheikh_mishary_al_afasy":	"Sheikh Mishary Al-Afasy",
    "sheikh_maher_muaqily":	"Sheikh Maher Muaqily",
    "abdur-rahman_as-sudais":	"Abdur-Rahman As-Sudais",
    "saud_al-shuraim":	"Saud Al-Shuraim",
    "hani_ar-rifai":	"Hani ar-Rifai",
    "mahmoud_al-hussary":	"Mahmoud Al-Hussary",
    "when_do_you_like_to_recite?":	"When do you like to Recite?",
    "morning":	"Morning",
    "afternoon":	"Afternoon",
    "evening":	"Evening",
    "night":	"Night",
    "set_up_a_daily_reminder_for_quran_recitation":	"Set up a daily reminder for Quran Recitation",
    "enabling_reminder_increases_the_likelihood_of_daily_quran_reading_by_3x._are_you_interested_in_establishing_a_successful_habit_of_reading_the_quran?":	"Enabling reminder increases the likelihood of daily Quran Reading by 3x. Are you interested in establishing a successful habit of reading the Quran?",
    "set_reminder":	"SET REMINDER",
    "how_much_time_would_you_like_to_read_the_quran_daily?": "How much time would you like to Read the Quran Daily?",
    "5_minutes":	"5 minutes",
    "10_minutes":	"10 minutes",
    "15_minutes":	"15 minutes",
    "20_minutes":	"20 minutes",
    "30_minutes":	"30 minutes",
    "choose_your_preferred_language":	"Choose Your Preferred Language",
    "let's_personalize_the_app_experience":	"Let's personalize the app experience",
    "urdu":	"Urdu",
    "english":	"English",
    "hindi":	"Hindi",
    "bengali":	"Bengali",
    "chinese":	"Chinese",
    "french":	"French",
    "indonesian":	"Indonesian",
    "spanish":	"Spanish",
    "german":	"German",
    "somali": "Somali",
    "turn_on_notifications_to_get_the_most_out_of_quran_pro?":	"Turn on Notifications to get the most out of Quran Pro?",
    "receive_personalized_recommedations,_hadiths,_athan,_duas_and_other_reminders_to_enhance_your_spirtual_journey._you_can_opt_out_anytime":	"Receive personalized recommendations, hadiths, athan, duas and other reminders to enhance your spiritual journey. You can opt out anytime",
    "daily_quran_recitation_reminder":	"Daily Quran Recitation Reminder",
    "daily_quran_verse":	"Daily Quran Verse",
    "daily_salah_reminder":	"Daily Salah Reminder",
    "friday_prayer_reminder":	"Friday Prayer Reminder",
    "finish_setup":	"FINISH SETUP",
    "reciter":	"Reciter",
    "search_surah_name":	"Search Surah Name",
    "search_juz_name":	"Search Juz Name",
    "choose_app_color":	"Choose App Color",
    "update_colors":	"Update Colors",
    "arabic_font_preview":	"Arabic Font Preview",
    "translation_font_preview":	"Translation Font Preview",
    "default_translation_language":	"Default Translation Language",
    "translations":	"Translations",
    "downloaded_audio":	"Downloaded Audio",
    "upgrade_to_premium":	"Upgrade to Premium",
    "get_the_premium_today_and_enjoy_unlimited_access_to_the_quran_pro_app":	"Get the premium today and enjoy unlimited access to the Quran Pro App",
    "ad-free_app_experience":	"Ad-free App Experience",
    "unlock_quran_stories":	"Unlock Quran Stories",
    "start_free_trial":	"Start Free Trial",
    "your_current_location":	"Your Current Location",
    "other_tasbeeh_of_your_choice":	"Other Tasbeeh of Your Choice",
    "custom_count":	"Custom Count",
    "6_kalimas":	"6 kalimas",
    "km":	"km",
    "px":	"px",
    "arabic_font":	"Arabic Font",
    "login_to_get_started": "Login to Get Started",
    "enter_your_email": "Enter Your Email",
    "password": "Password",
    "forgot_password": "Forgot Password",
    "or_login_using": "or login using",
    "don't_have_an_account?_register": "Don't Have An Account? Register",
    "create_an_account_to_save_your_progress": "Create an account to save your progress",
    "let's_get_started_on_the_quran_pro_app": "Let's get started on the Quran Pro App",
    "register": "Register",
    "or_register_using": "or register using",
    "already_have_an_account?_login": "Already Have An Account? Login",
    "what's_your_name?": "What's your name?",
    "your_name": "Your_Name",
    "please_be_patient_as_we_create_a_personalized_experience_for_your_quran_study": "Please be patient as we create a personalized experience for your Quran study",
    "playing_recitation": "Playing Recitation",
    "surah_playlist": "Surah Playlist",
    "no_active_internet_connection": "No Active Internet Connection",
    "retry": "Retry",
    "daily_duas": "Daily Duas",
    "please_let_us_know_what_you'd_like_to_do": "Please let us know what you'd like to do",
    "description": "Description",
    "your_email": "Your Email",
    "submit": "Submit",
    "terms_&_conditions": "Terms & Conditions",
    "how_your_free_trial_works": "How your free trial works",
    "today": "Today",
    "start_your_full_access_to_all_the_sections_of_app": "Start your full access to all the sections of App",
    "day_5": "Day 5",
    "you_will_get_a_reminder_about_when_your_trial_will_end": "You will get a reminder about when your trial will end",
    "day_7": "Day 7",
    "you_will_be_charged.cancel_anytime_before_this.": "You will be charged. Cancel anytime before this",
    "unlimited_free_access_for_7_days,_then_US_$15.49_per_year_(US_$1.29_per_month)": "Unlimited free access for 7 days, then US $15.49 per year (US $1.29 per month)",
    "view_all_plans": "View All Plans",
    "limited_time_offer_for_unlimited_perks_&_benefits": "Limited Time Offer for Unlimited Perks & Benefits",
    "ends in": "Ends in",
    "plans_specially_curated_for_you": "Plans specially curated for you",
    "monthly": "Monthly",
    "yearly": "Yearly",
    "6_months": "6 Months",
    "12_months": "12 Months",
    "1_month": "1 Month",
    "prime_plan": "Prime Plan",
    "no_ads": "No ads",
    "purchase_now": "Purchase Now",
    "recurring_billing._cancel_anytime.": "Recurring Billing. Cancel Anytime.",
    "your_subscription_will_automatically_renew_for_the_same_purchasing_program_at_the_same_time": "Your subscription will automatically renew for the same purchasing program at the same time",
    "previous_chapter": "Previous Chapter",
    "listen_story": "Listen Story",
    "next_chapter": "Next Chapter",
    "get_the_premium_today_and_enjoy_unlimited_access_to_the_quran_app": "Get the premium today and enjoy unlimited access to the Quran App",
    "available_plans_for_you": "Available Plans for You",
    "monthly_plan": "Monthly Plan",
    "3_day_free_trial_+_restore_purchase": "3 day free trial + restore purchase",
    "yearly_plan": "Yearly Plan",
    "7_day_free_trial_+_restore_purchase": "7 day free trial + restore purchase",
    "lifetime_plan": "Lifetime Plan",
    "15_day_free_trial":"15 day free trial",
    "purchase": "Purchase",
    "having_an_issue?_please_write_to_us": "Having an issue? Please write to us",
    "submit_feedback": "Submit Feedback",
    "restore_purchase": "Restore Purchase",
    "full_name":"Full Name",
    "email_address": "Email Address",
    "preferred_app_language": "Preferred App Language",
    "logged_in_devices": "Logged In Devices",
    "update_profile": "Update Profile",
    "enter_tasbeeh_count": "Enter Tasbeeh Count",
    "confirm": "Confirm",
    "what_are_you_hoping_to_achieve_with_quran_app?": "What are you hoping to achieve with Quran App?",
    "listen_to_the_quran_from_the_world's_most_beautiful_voices": "Listen to the Quran from the world's most beautiful voices",
    "how_fluent_are_you_with_quran?": "How fluent are you with Quran?",
    "beginner": "Beginner",
    "intermediate": "Intermediate",
    "fluent": "Fluent",
    "expert": "Expert",
    "finish_profile": "Finish Profile",
    "dua_reminder": "Dua Reminder",
    "male_and_female_relationships": "Male And Female Relationships",
    "mb":	"mb",
    "downloaded":	"downloaded",
    "collection_of":	"collection of",
    "currently_playing":	"currently playing",
    "currently_selected":	"currently selected",
    "of":	"of",

    "kb": "kb",
    "enter_the_count": "Enter the count",
    "now_playing": "Now Playing",
    "please_wait": "Please Wait",
    "manage_profile": "Manage Profile",
    "all_reciters": "All Reciters",
    "complete_quran": "Complete Quran"
 }