{
 "quran":	"Corán",
 "recitation":	"recitación",
 "hour":	"hora",
 "surah":	"sura",
 "duas":	"dúa",
 "favorites":	"favoritos",
 "index":	"índice",
 "juz":	"juz",
 "bookmarks":	"marcadores",
 "reciters":	"recitadores",
 "21_mb_of_124_mb_downloaded":	"21 mb de 124 mb descargados",
 "playing":	"jugando",
 "surah_al_baqarah":	"sura al baqarah",
 "surah_index":	"índice de suras",
 "read_quran_settings":	"leer la configuración del Corán",
 "arabic":	"Arábica",
 "translation":	"traducción",
 "translation_language":	"idioma de traducción",
 "quran_text_size":	"Tamaño del texto del Corán",
 "translations_text_size":	"tamaño del texto de las traducciones",
 "save_settings":	"guardar ajustes",
 "dua_categories":	"categorías dua",
 "juz_index":	"índice juz",
 "audio_bookmarks":	"marcadores de audio",
 "reading_bookmarks":	"lectura de marcadores",
 "favorite_reciters":	"recitadores favoritos",
 "more":	"más",
 "99_names_of_allah":	"99 nombres de alá",
 "qibla_direction":	"dirección de la qibla",
 "step_by_step_salah":	"salah paso a paso",
 "salah_timer":	"temporizador de salah",
 "shahada":	"shahada",
 "tasbeeh":	"tasbih",
 "degree_of_the_qibla":	"grado de la qibla",
 "distance_to_qibla":	"distancia a la qibla",
 "longitude":	"longitud",
 "latitude":	"latitud",
 "switch_to_3d_view":	"cambiar a vista 3d",
 "fajar":	"fajar",
 "dhuhar":	"dhuhar",
 "asr":	"asr",
 "maghrib":	"magrebí",
 "isha":	"isha",
 "allah_hu_akbar":	"allah hu akbar",
 "alhamulillah":	"alhamulillah",
 "subhanallah":	"subhanallah",
 "custom":	"costumbre",
 "1st_shahadah_purity":	"1ra pureza shahadah",
 "2nd_shahadah_testimony":	"Segundo testimonio de shahada",
 "3rd_shahadah_glorification":	"Tercera glorificación de la shahada",
 "4th_shahadah_unity":	"4ta unidad shahadah",
 "5th_shahadah_penitence":	"5ta penitencia shahadah",
 "6th_shahadah_rejecting_disbelief":	"Sexta shahadah rechazando la incredulidad",
 "settings":	"ajustes",
 "app_experience":	"experiencia de la aplicación",
 "upgrade_app_experience":	"actualizar la experiencia de la aplicación",
 "manage_subscriptions":	"Administrar Suscripciones",
 "edit_profile":	"Editar perfil",
 "logged_in_as":	"Conectado como",
 "choose_dark_or_light_mode":	"elige el modo oscuro o claro",
 "app_font":	"fuente de la aplicación",
 "translation_manager":	"gerente de traducción",
 "download_manager":	"gestor de descargas",
 "app_language":	"idioma de la aplicación",
 "notifications":	"notificaciones",
 "app_support":	"soporte de aplicaciones",
 "report_an_issue":	"Reportar un problema",
 "privacy_policy":	"política de privacidad",
 "terms_of_service":	"términos de servicio",
 "about_the_app":	"sobre la aplicación",
 "feedback":	"comentario",
 "share":	"compartir",
 "logout":	"cerrar sesión",
 "app_theme":	"tema de la aplicación",
 "choose_app_theme":	"elige el tema de la aplicación",
 "customize_the_app_experience":	"personalizar la experiencia de la aplicación",
 "light_mode":	"modo de luz",
 "dark_mode":	"modo oscuro",
 "next_surah":	"siguiente sura",
 "continue_to_next_surah":	"continuar con la siguiente sura",
 "home":	"hogar",
 "your_engagement":	"tu compromiso",
 "this_week":	"esta semana",
 "minutes":	"minutos",
 "from_last_week":	"desde la semana pasada",
 "lifetime":	"toda la vida",
 "continue_where_you_left_off":	"continúa donde lo dejaste",
 "quran_stories":	"historias del corán",
 "surah_ar_rahman":	"sura ar rahman",
 "the_merciful_surah_55":	"la sura misericordiosa 55",
 "ayat":	"Ayat",
 "page":	"página",
 "view_all":	"ver todo",
 "verse_of_the_day":	"verso del dia",
 "quran_miracles":	"milagros del corán",
 "story_of_prophet_noah":	"historia del profeta noe",
 "quran_inspiration":	"inspiración del corán",
 "karoon":	"karoon",
 "people_of_the_cave":	"gente de la cueva",
 "barsisa:the_renegade":	"barsisa: la renegada",
 "people_of_the_elephants":	"gente de los elefantes",
 "people_of_the_garden":	"gente del jardin",
 "queen_sheba":	"reina saba",
 "wisdom_of_luqman":	"sabiduria de luqman",
 "sinkholes":	"sumideros",
 "hydrothermal_vents":	"respiraderos hidrotermales",
 "internal_mountains":	"montañas internas",
 "porous_rocks":	"rocas porosas",
 "coal":	"carbón",
 "garden":	"jardín",
 "fasting":	"ayuno",
 "minerals":	"minerales",
 "colonies":	"colonias",
 "meteorites":	"meteoritos",
 "islam_basics":	"fundamentos del islam",
 "qaida":	"Qaeda",
 "teachings_of_islam":	"enseñanzas del islam",
 "ramzan":	"ramzán",
 "resume":	"reanudar",
 "reciters_page":	"página de recitadores",
 "abdul_rahman_alsudais":	"abdul rahman alsudais",
 "saad_el_ghamidi":	"saad el ghamidi",
 "abdul_basit":	"abdul basit",
 "abdullah_awad_al_juhany":	"abdullah awad al juhany",
 "yaseen":	"yaseen",
 "alkahf":	"alkahf",
 "my_stats":	"mis estadísticas",
 "your_app_engagement_stats":	"tus estadísticas de interacción con la aplicación",
 "app_colors":	"colores de la aplicación",
 "beliefs":	"creencias",
 "practices":	"prácticas",
 "halal_and_haram":	"halal y haram",
 "names":	"nombres",
 "islamic_pharases":	"frases islamicas",
 "week":	"semana",
 "month":	"mes",
 "year":	"año",
 "muharram":	"muharram",
 "safar":	"safari",
 "rabi_al-awwal":	"rabi al-awwal",
 "rabi_al-thani":	"rabi al-thani",
 "jumada_al-awwal":	"jumada al-awwal",
 "jumada_al-thani":	"jumada al-thani",
 "rajab":	"rajab",
 "shaban":	"shaban",
 "ramadan":	"Ramadán",
 "shawwal":	"shawwal",
 "dhu_al-qadah":	"dhu al-qadah",
 "dhu_al-hijjah":	"dhu al-hiyyah",
 "duas_for_rabbana":	"duas para rabbana",
 "duas_for_prayers":	"duas para oraciones",
 "duas_for_something":	"dudas por algo",
 "duas_for_certain_situations":	"duas para ciertas situaciones",
 "duas_for_istikhaara":	"duas para istikhaara",
 "duas_for_controlling_yourself":	"duas por controlarte",
 "duas_for_betterment_of_others":	"duas para el mejoramiento de los demás",
 "duas_for_the_deseased_at_the_funeral_prayer":	"duas por los enfermos en la oración fúnebre",
 "collection_of_duas":	"colección de duas",
 "audio_is_downloading":	"el audio se esta descargando",
 "we_will_provide_custom_recommendations_to_fit_your_individual_goals":	"le proporcionaremos recomendaciones personalizadas para adaptarse a sus objetivos individuales",
 "choose_upto_3_goals_for_precise_personalization":	"elige hasta 3 objetivos para una personalización precisa",
 "stream/download_reciters":	"corriente descarga recitador",
 "read_offline_quran":	"leer el Corán sin conexión",
 "set_quran_goals":	"establecer objetivos corán",
 "explore_the_quran":	"explorar el Corán",
 "translations_&_reflection":	"traducciones y reflexión",
 "learn_the_qaida":	"aprender la qaeda",
 "you_can_always_change_goals_later":	"siempre puedes cambiar los objetivos más tarde",
 "skip_for_now":	"saltar por ahora",
 "purpose_of_quran_app?":	"propósito de la aplicación quran?",
 "continue":	"continuar",
 "beautiful_recitations_from_around_the_world":	"bellas recitaciones de todo el mundo",
 "set_your_favorite_reciter":	"configura tu recitador favorito",
 "sheikh_mishary_al_afasy":	"jeque mishary al afasy",
 "sheikh_maher_muaqily":	"jeque maher muaqily",
 "abdur-rahman_as-sudais":	"abdur-rahman as-sudais",
 "saud_al-shuraim":	"saud al-shuraim",
 "hani_ar-rifai":	"hani ar-rifai",
 "mahmoud_al-hussary":	"mahmoud al-hussary",
 "when_do_you_like_to_recite?":	"¿Cuándo te gusta leer el Corán?",
 "morning":	"mañana",
 "afternoon":	"tarde",
 "evening":	"noche",
 "night":	"noche",
 "set_up_a_daily_reminder_for_quran_recitation":	"configurar un recordatorio diario para la recitación del Corán",
 "enabling_reminder_increases_the_likelihood_of_daily_quran_reading_by_3x._are_you_interested_in_establishing_a_successful_habit_of_reading_the_quran?":	"habilitar el recordatorio aumenta la probabilidad de lectura diaria del Corán en 3 veces. ¿Está interesado en establecer un hábito exitoso de leer el Corán?",
 "set_reminder":	"establecer recordatorio",
 "how_much_time_would_you_like_to_read_the_quran_daily?":	"¿Cuánto tiempo le gustaría leer el Corán diariamente?",
 "5_minutes":	"5 minutos",
 "10_minutes":	"10 minutos",
 "15_minutes":	"15 minutos",
 "20_minutes":	"20 minutos",
 "30_minutes":	"30 minutos",
 "choose_your_preferred_language":	"elige tu idioma preferido",
 "let's_personalize_the_app_experience":	"personalicemos la experiencia de la aplicación",
 "urdu":	"urdu",
 "english":	"inglés",
 "hindi":	"hindi",
 "bengali":	"bengalí",
 "chinese":	"chino",
 "french":	"francés",
 "indonesian":	"indonesio",
 "spanish":	"español",
 "german":	"alemán",
 "turn_on_notifications_to_get_the_most_out_of_quran_pro?":	"activar las notificaciones para aprovechar al máximo quran pro?",
 "receive_personalized_recommedations,_hadiths,_athan,_duas_and_other_reminders_to_enhance_your_spirtual_journey._you_can_opt_out_anytime":	"recibe recomendaciones personalizadas, hadices, athan, duas y otros recordatorios para mejorar tu viaje espiritual. Puedes optar por salir en cualquier momento",
 "daily_quran_recitation_reminder":	"recordatorio diario de recitación del Corán",
 "daily_quran_verse":	"verso diario del Corán",
 "daily_salah_reminder":	"recordatorio diario de salah",
 "friday_prayer_reminder":	"recordatorio de oración del viernes",
 "finish_setup":	"terminar la configuración",
 "reciter":	"recitador",
 "search_surah_name":	"busca el nombre de la sura",
 "search_juz_name":	"buscar juz nombre",
 "choose_app_color":	"elige el color de la aplicación",
 "update_colors":	"actualizar colores",
 "arabic_font_preview":	"vista previa de fuente árabe",
 "translation_text_size":	"tamaño del texto de traducción",
 "translation_font_preview":	"vista previa de fuente de traducción",
 "default_translation_language":	"idioma de traducción predeterminado",
 "translations":	"traducciones",
 "downloaded_audio":	"audio descargado",
 "upgrade_to_premium":	"mejorado a Premium",
 "get_the_premium_today_and_enjoy_unlimited_access_to_the_quran_pro_app":	"obtenga la prima hoy y disfrute de acceso ilimitado a la aplicación quran",
 "ad-free_app_experience":	"experiencia de aplicación sin publicidad",
 "unlock_quran_stories":	"desbloquear historias del Corán",
 "start_free_trial":	"empiza la prueba gratuita",
 "your_current_location":	"Su ubicación actual",
 "other_tasbeeh_of_your_choice":	"otro tasbeeh de su elección",
 "custom_count":	"conteo personalizado",
 "6_kalimas":	"6 kalimas",
 "km":	"kilómetros",
 "px":	"píxeles",
 "arabic_font":	"fuente árabe",
 "login_to_get_started":	"iniciar sesión para empezar",
 "enter_your_email":	"Introduce tu correo electrónico",
 "password":	"contraseña",
 "forgot_password":	"Has olvidado tu contraseña",
 "or_login_using":	"o inicia sesión usando",
 "don't_have_an_account_register":	"no tienes una cuenta? Registro",
 "create_an_account_to_save_your_progress":	"crea una cuenta para guardar tu progreso",
 "let's_get_started_on_the_quran_pro_app":	"empecemos con la aplicación Quran Pro",
 "register":	"registro",
 "or_register_using":	"o registrate usando",
 "already_have_account_an_account_login":	"ya tienes cuenta una cuenta? acceso",
 "what's_your_name?":	"¿cómo te llamas?",
 "your_name":	"Su nombre",
 "somali":	"somalí",
 "please_be_patient_as_we_create_a_personalized_experience_for_your_quran_study":	"tenga paciencia mientras creamos una experiencia personalizada para su estudio del Corán",
 "playing_recitation":	"jugando recitación",
 "surah_playlist":	"lista de reproducción de suras",
 "no_active_internet_connection":	"sin conexión a internet activa",
 "retry":	"rever",
 "daily_duas":	"duas diarias",
 "please_let_us_know_what_you_would_like_to_do":	"por favor háganos saber lo que le gustaría hacer",
 "description":	"descripción",
 "your_email":	"Tu correo electrónico",
 "submit":	"entregar",
 "terms_&_conditions":	"Términos y condiciones",
 "how_your_free_trial_works":	"cómo funciona tu prueba gratuita",
 "today":	"hoy",
 "start_your_full_access_to_all_the_sections_of_app":	"comience su acceso completo a todas las secciones de la aplicación",
 "day_5":	"Dia 5",
 "you_will_get_a_reminder_about_when_your_trial_will_end":	"recibirá un recordatorio sobre cuándo finalizará su prueba",
 "day_7":	"día 7",
 "you_will_be_charged_cancel_anytime_before_this.":	"se le cobrará. Cancele en cualquier momento antes de esto.",
 "unlimited_free_access_for_days_then_us_per_year_us_per_month)":	"acceso gratuito ilimitado durante 7 días, luego US $ 15,49 por año (US $ 1,29 por mes)",
 "view_all_plans":	"ver todos los planes",
 "limited_time_offer_for_unlimited_perks_&_benefits":	"oferta por tiempo limitado para ventajas y beneficios ilimitados",
 "ends_in":	"termina en",
 "plans_specially_curated_for_you":	"Planes especialmente seleccionados para ti",
 "monthly":	"mensual",
 "yearly":	"anual",
 "6_months":	"6 meses",
 "12_months":	"12 meses",
 "1_month":	"1 mes",
 "prime_plan":	"primer plan",
 "no_ads":	"sin anuncios",
 "purchase_now":	"comprar ahora",
 "recurring_billing_cancel_anytime":	"facturación recurrente. Cancelar en cualquier momento",
 "your_subscription_will_automatically_renew_for_the_same_purchasing_program_at_the_same_time":	"su suscripción se renovará automáticamente para el mismo programa de compras al mismo tiempo",
 "previous_chapter":	"capítulo previo",
 "listen_story":	"escuchar historia",
 "next_chapter":	"Siguiente capítulo",
 "get_the_premium_today_and_enjoy_unlimited_access_to_the_quran_app":	"obtenga la prima hoy y disfrute de acceso ilimitado a la aplicación quran",
 "available_plans_for_you":	"planes disponibles para ti",
 "monthly_plan":	"Plan mensual",
 "3_day_free_trial_restore_purchase":	"Prueba gratuita de 3 días + restauración de compra",
 "yearly_plan":	"Plan Anual",
 "7_day_free_trial_restore_purchase":	"Prueba gratuita de 7 días + restauración de compra",
 "lifetime_plan":	"plan de por vida",
 "15_day_free_trial":	"prueba gratuita de 15 días",
 "purchase":	"compra",
 "as_a_premium_member_you_have_access_to":	"como miembro premium tienes acceso a",
 "having_an_issue_please_write_to_us":	"teniendo un problema? Por favor escríbanos",
 "submit_feedback":	"enviar comentarios",
 "restore_purchase":	"restaurar compra",
 "full_name":	"nombre completo",
 "email_address":	"dirección de correo electrónico",
 "preferred_app_language":	"idioma preferido de la aplicación",
 "logged_in_devices":	"dispositivos registrados",
 "update_profile":	"actualización del perfil",
 "enter_tasbeeh_count":	"ingrese el conteo de tasbeeh",
 "confirm":	"confirmar",
 "prayer_time_notfication":	"notificación de tiempo de oración",
 "what_are_you_hoping_to_achieve_with_quran_app?":	"¿Qué esperas lograr con la aplicación Corán?",
 "listen_to_the_quran_from_the_world's_most_beautiful_voices":	"Escucha el Corán de las voces más bellas del mundo.",
 "how_fluent_are_you_with_quran?":	"¿Qué tan fluido eres con el Corán?",
 "beginner":	"principiante",
 "intermediate":	"intermedio",
 "fluent":	"fluido",
 "expert":	"experto",
 "what's_your_email_address?":	"¿Cuál es su dirección de correo electrónico?",
 "finish_profile":	"perfil de acabado",
 "dua_reminder":	"recordatorio de dua",
 "male_and_female_relationships":	"relaciones masculinas y femeninas" ,
 "mb":	"megabyte",
 "downloaded":	"descargado",
 "collection_of":	"colección de",
 "currently_playing":	"reproducción en curso",
 "currently_selected":	"actualmente seleccionado",
 "of":	"de",

 "kb": "kb",
 "enter_the_count": "Enter the count",
 "now_playing": "Now Playing",
 "please_wait": "Please Wait",
 "manage_profile": "Manage Profile",
 "all_reciters": "All Reciters",
 "complete_quran": "Complete Quran"
 }