{
    "quran":	"coran",
    "recitation":	"récitation",
    "hour":	"heure",
    "surah":	"sourate",
    "duas":	"duas",
    "favorites":	"favoris",
    "index":	"indice",
    "juz":	"juz",
    "bookmarks":	"signets",
    "reciters":	"récitants",
    "21_mb_of_124_mb_downloaded":	"21 Mo sur 124 Mo téléchargés",
    "playing":	"jouant",
    "surah_al_baqarah":	"sourate al baqarah",
    "surah_index":	"index des sourates",
    "read_quran_settings":	"lire les paramètres du coran",
    "arabic":	"arabe",
    "translation":	"traduction",
    "translation_language":	"langue de traduction",
    "quran_text_size":	"taille du texte du coran",
    "translations_text_size":	"taille du texte des traductions",
    "save_settings":	"enregistrer les paramètres",
    "dua_categories":	"catégories dua",
    "juz_index":	"indice juz",
    "audio_bookmarks":	"signets audio",
    "reading_bookmarks":	"lire des signets",
    "favorite_reciters":	"récitants préférés",
    "more":	"plus",
    "99_names_of_allah":	"99 noms d'allah",
    "qibla_direction":	"direction de la qibla",
    "step_by_step_salah":	"pas à pas salah",
    "salah_timer":	"minuterie salah",
    "shahada":	"shahada",
    "tasbeeh":	"tasbeeh",
    "degree_of_the_qibla":	"degré de la qibla",
    "distance_to_qibla":	"distance jusqu'à qibla",
    "longitude":	"longitude",
    "latitude":	"latitude",
    "switch_to_3d_view":	"passer en vue 3d",
    "fajar":	"fajar",
    "dhuhar":	"dhuhar",
    "asr":	"asr",
    "maghrib":	"maghrébin",
    "isha":	"isa",
    "allah_hu_akbar":	"allah hou akbar",
    "alhamulillah":	"alhamoulillah",
    "subhanallah":	"subhanallah",
    "custom":	"coutume",
    "1st_shahadah_purity":	"Pureté de la 1ère shahadah",
    "2nd_shahadah_testimony":	"témoignage de la 2e chahada",
    "3rd_shahadah_glorification":	"glorification de la 3ème shahadah",
    "4th_shahadah_unity":	"unité de la 4ème shahadah",
    "5th_shahadah_penitence":	"pénitence de la 5ème shahadah",
    "6th_shahadah_rejecting_disbelief":	"6ème shahadah rejetant l'incrédulité",
    "settings":	"paramètres",
    "app_experience":	"expérience de l'application",
    "upgrade_app_experience":	"mise à niveau de l'expérience de l'application",
    "manage_subscriptions":	"gérer les abonnements",
    "edit_profile":	"Editer le profil",
    "logged_in_as":	"connecté en tant que",
    "choose_dark_or_light_mode":	"choisissez le mode sombre ou clair",
    "app_font":	"police de l'application",
    "translation_manager":	"responsable de la traduction",
    "download_manager":	"Gestionnaire de téléchargement",
    "app_language":	"langue de l'application",
    "notifications":	"notifications",
    "app_support":	"prise en charge de l'application",
    "report_an_issue":	"signaler un problème",
    "privacy_policy":	"politique de confidentialité",
    "terms_of_service":	"conditions d'utilisation",
    "about_the_app":	"à propos de l'application",
    "feedback":	"retour",
    "share":	"partager",
    "logout":	"Se déconnecter",
    "app_theme":	"thème de l'application",
    "choose_app_theme":	"choisir le thème de l'application",
    "customize_the_app_experience":	"personnaliser l'expérience de l'application",
    "light_mode":	"mode lumière",
    "dark_mode":	"mode sombre",
    "next_surah":	"prochaine sourate",
    "continue_to_next_surah":	"continuer à la sourate suivante",
    "home":	"maison",
    "your_engagement":	"vos fiançailles",
    "this_week":	"cette semaine",
    "minutes":	"minutes",
    "from_last_week":	"de la semaine dernière",
    "lifetime":	"durée de vie",
    "continue_where_you_left_off":	"continuer là où vous vous êtes arrêté",
    "quran_stories":	"histoires de coran",
    "surah_ar_rahman":	"sourate ar rahman",
    "the_merciful_surah_55":	"la sourate miséricordieuse 55",
    "ayat":	"Ayat",
    "page":	"page",
    "view_all":	"Voir tout",
    "verse_of_the_day":	"verset du jour",
    "quran_miracles":	"miracles du coran",
    "story_of_prophet_noah":	"histoire du prophète noé",
    "quran_inspiration":	"inspiration du coran",
    "karoon":	"karoon",
    "people_of_the_cave":	"les gens de la grotte",
    "barsisa:the_renegade":	"barisa : le renégat",
    "people_of_the_elephants":	"le peuple des éléphants",
    "people_of_the_garden":	"les gens du jardin",
    "queen_sheba":	"la reine de Saba",
    "wisdom_of_luqman":	"sagesse de luqman",
    "sinkholes":	"gouffres",
    "hydrothermal_vents":	"évents hydrothermaux",
    "internal_mountains":	"montagnes intérieures",
    "porous_rocks":	"roches poreuses",
    "coal":	"charbon",
    "garden":	"jardin",
    "fasting":	"jeûne",
    "minerals":	"minéraux",
    "colonies":	"colonies",
    "meteorites":	"météorites",
    "islam_basics":	"les bases de l'islam",
    "qaida":	"qaïda",
    "teachings_of_islam":	"enseignements de l'islam",
    "ramzan":	"Ramzan",
    "resume":	"reprendre",
    "reciters_page":	"page des récitants",
    "abdul_rahman_alsudais":	"abdul rahman alsudaïs",
    "saad_el_ghamidi":	"saâd el ghamidi",
    "abdul_basit":	"abdoul basit",
    "abdullah_awad_al_juhany":	"abdallah awad al juhany",
    "yaseen":	"yasin",
    "alkahf":	"alkahf",
    "my_stats":	"mes stats",
    "your_app_engagement_stats":	"statistiques d'engagement de votre application",
    "app_colors":	"couleurs de l'application",
    "beliefs":	"croyances",
    "practices":	"les pratiques",
    "halal_and_haram":	"halal et haram",
    "names":	"des noms",
    "islamic_pharases":	"phrases islamiques",
    "week":	"semaine",
    "month":	"mois",
    "year":	"année",
    "muharram":	"muharram",
    "safar":	"safar",
    "rabi_al-awwal":	"rabi al-awwal",
    "rabi_al-thani":	"rabi al-thani",
    "jumada_al-awwal":	"jumada al-awwal",
    "jumada_al-thani":	"jumada al-thani",
    "rajab":	"Rajab",
    "shaban":	"chaban",
    "ramadan":	"Ramadan",
    "shawwal":	"shawwal",
    "dhu_al-qadah":	"dhou al-qadah",
    "dhu_al-hijjah":	"dhou al-hijjah",
    "duas_for_rabbana":	"duas pour rabbana",
    "duas_for_prayers":	"duas pour les prières",
    "duas_for_something":	"duas pour quelque chose",
    "duas_for_certain_situations":	"duas pour certaines situations",
    "duas_for_istikhaara":	"duas pour istikhara",
    "duas_for_controlling_yourself":	"duas pour se contrôler",
    "duas_for_betterment_of_others":	"duas pour l'amélioration des autres",
    "duas_for_the_deseased_at_the_funeral_prayer":	"duas pour les morts à la prière funéraire",
    "collection_of_duas":	"collection de duas",
    "audio_is_downloading":	"l'audio est en cours de téléchargement",
    "we_will_provide_custom_recommendations_to_fit_your_individual_goals":	"nous fournirons des recommandations personnalisées pour répondre à vos objectifs individuels",
    "choose_upto_3_goals_for_precise_personalization":	"choisissez jusqu'à 3 objectifs pour une personnalisation précise",
    "stream/download_reciters":	"stream télécharger des récitants",
    "read_offline_quran":	"lire le coran hors ligne",
    "set_quran_goals":	"fixer des objectifs de coran",
    "explore_the_quran":	"explorer le coran",
    "translations_&_reflection":	"traductions & réflexion",
    "learn_the_qaida":	"apprendre la qaïda",
    "you_can_always_change_goals_later":	"vous pouvez toujours changer d'objectif plus tard",
    "skip_for_now":	"ignorer pour l'instant",
    "purpose_of_quran_app?":	"but de l'application coran?",
    "continue":	"continuer",
    "beautiful_recitations_from_around_the_world":	"belles récitations du monde entier",
    "set_your_favorite_reciter":	"réglez votre récitant préféré",
    "sheikh_mishary_al_afasy":	"cheikh mishary al afasy",
    "sheikh_maher_muaqily":	"cheikh maher muaqily",
    "abdur-rahman_as-sudais":	"abdur-rahman as-sudaïs",
    "saud_al-shuraim":	"saoud al-shuraim",
    "hani_ar-rifai":	"hani ar-rifai",
    "mahmoud_al-hussary":	"mahmoud al-hussary",
    "when_do_you_like_to_recite?":	"quand aimes-tu lire le coran?",
    "morning":	"matin",
    "afternoon":	"après-midi",
    "evening":	"soir",
    "night":	"nuit",
    "set_up_a_daily_reminder_for_quran_recitation":	"mettre en place un rappel quotidien pour la récitation du coran",
    "enabling_reminder_increases_the_likelihood_of_daily_quran_reading_by_3x._are_you_interested_in_establishing_a_successful_habit_of_reading_the_quran?":	"l'activation du rappel augmente la probabilité de lecture quotidienne du coran par 3. êtes-vous intéressé à établir une habitude réussie de lire le coran ?",
    "set_reminder":	"définir un rappel",
    "how_much_time_would_you_like_to_read_the_quran_daily?":	"combien de temps aimeriez-vous lire le coran par jour ?",
    "5_minutes":	"5 minutes",
    "10_minutes":	"10 minutes",
    "15_minutes":	"15 minutes",
    "20_minutes":	"20 minutes",
    "30_minutes":	"30 minutes",
    "choose_your_preferred_language":	"choisissez votre langue préférée",
    "let's_personalize_the_app_experience":	"personnalisons l'expérience de l'application",
    "urdu":	"ourdou",
    "english":	"Anglais",
    "hindi":	"hindi",
    "bengali":	"Bangali",
    "chinese":	"Chinois",
    "french":	"Français",
    "indonesian":	"indonésien",
    "spanish":	"Espagnol",
    "german":	"Allemand",
    "turn_on_notifications_to_get_the_most_out_of_quran_pro?":	"activer les notifications pour tirer le meilleur parti de quran pro?",
    "receive_personalized_recommedations,_hadiths,_athan,_duas_and_other_reminders_to_enhance_your_spirtual_journey._you_can_opt_out_anytime":	"recevez des recommandations personnalisées, des hadiths, des athan, des duas et d'autres rappels pour améliorer votre voyage spirituel. vous pouvez vous désabonner à tout moment",
    "daily_quran_recitation_reminder":	"rappel quotidien de la récitation du coran",
    "daily_quran_verse":	"verset quotidien du coran",
    "daily_salah_reminder":	"rappel quotidien de salah",
    "friday_prayer_reminder":	"rappel de la prière du vendredi",
    "finish_setup":	"terminer la configuration",
    "reciter":	"récitant",
    "search_surah_name":	"rechercher le nom de la sourate",
    "search_juz_name":	"rechercher le nom de juz",
    "choose_app_color":	"choisir la couleur de l'application",
    "update_colors":	"mettre à jour les couleurs",
    "arabic_font_preview":	"aperçu de la police arabe",
    "translation_text_size":	"taille du texte de traduction",
    "translation_font_preview":	"aperçu de la police de traduction",
    "default_translation_language":	"langue de traduction par défaut",
    "translations":	"traductions",
    "downloaded_audio":	"audio téléchargé",
    "upgrade_to_premium":	"passer à la version premium",
    "get_the_premium_today_and_enjoy_unlimited_access_to_the_quran_pro_app":	"obtenez la prime aujourd'hui et profitez d'un accès illimité à l'application du coran",
    "ad-free_app_experience":	"expérience d'application sans publicité",
    "unlock_quran_stories":	"déverrouiller les histoires du coran",
    "start_free_trial":	"commencer l'essai gratuit",
    "your_current_location":	"ta location actuelle",
    "other_tasbeeh_of_your_choice":	"autre tasbeeh de votre choix",
    "custom_count":	"décompte personnalisé",
    "6_kalimas":	"6 Kalimas",
    "km":	"kilomètres",
    "px":	"pixels",
    "arabic_font":	"police arabe",
    "login_to_get_started":	"connectez-vous pour commencer",
    "enter_your_email":	"entrer votre Email",
    "password":	"mot de passe",
    "forgot_password":	"Mot de passe oublié",
    "or_login_using":	"ou connectez-vous en utilisant",
    "don't_have_an_account_register":	"vous n'avez pas de compte ? Enregistrer",
    "create_an_account_to_save_your_progress":	"créer un compte pour enregistrer votre progression",
    "let's_get_started_on_the_quran_pro_app":	"commençons avec l'application Quran Pro",
    "register":	"enregistrer",
    "or_register_using":	"ou inscrivez-vous en utilisant",
    "already_have_account_an_account_login":	"avez déjà un compte un compte? connexion",
    "what's_your_name?":	"quel est ton nom?",
    "your_name":	"votre nom",
    "somali":	"somali",
    "please_be_patient_as_we_create_a_personalized_experience_for_your_quran_study":	"s'il vous plaît soyez patient car nous créons une expérience personnalisée pour votre étude du coran",
    "playing_recitation":	"récitation",
    "surah_playlist":	"liste de lecture sourate",
    "no_active_internet_connection":	"pas de connexion internet active",
    "retry":	"recommencez",
    "daily_duas":	"duas quotidiennes",
    "please_let_us_know_what_you_would_like_to_do":	"s'il vous plaît laissez-nous savoir ce que vous aimeriez faire",
    "description":	"description",
    "your_email":	"votre e-mail",
    "submit":	"soumettre",
    "terms_&_conditions":	"termes et conditions",
    "how_your_free_trial_works":	"comment fonctionne votre essai gratuit",
    "today":	"aujourd'hui",
    "start_your_full_access_to_all_the_sections_of_app":	"commencez votre accès complet à toutes les sections de l'application",
    "day_5":	"Jour 5",
    "you_will_get_a_reminder_about_when_your_trial_will_end":	"vous recevrez un rappel sur la fin de votre essai",
    "day_7":	"jour 7",
    "you_will_be_charged_cancel_anytime_before_this.":	"Tu seras chargé. Annulez à tout moment avant cela.",
    "unlimited_free_access_for_days_then_us_per_year_us_per_month)":	"accès gratuit illimité pendant 7 jours, puis 15,49 USD par an (1,29 USD par mois)",
    "view_all_plans":	"voir tous les forfaits",
    "limited_time_offer_for_unlimited_perks_&_benefits":	"offre à durée limitée pour des avantages et avantages illimités",
    "ends_in":	"fini dans",
    "plans_specially_curated_for_you":	"Des plans spécialement conçus pour vous",
    "monthly":	"mensuel",
    "yearly":	"annuel",
    "6_months":	"6 mois",
    "12_months":	"12 mois",
    "1_month":	"1 mois",
    "prime_plan":	"premier plan",
    "no_ads":	"pas de pubs",
    "purchase_now":	"acheter maintenant",
    "recurring_billing_cancel_anytime":	"paiement régulier. Annulez à tout moment",
    "your_subscription_will_automatically_renew_for_the_same_purchasing_program_at_the_same_time":	"votre abonnement sera automatiquement renouvelé pour le même programme d'achat en même temps",
    "previous_chapter":	"chapitre précédent",
    "listen_story":	"écouter l'histoire",
    "next_chapter":	"Chapitre suivant",
    "get_the_premium_today_and_enjoy_unlimited_access_to_the_quran_app":	"obtenez la prime aujourd'hui et profitez d'un accès illimité à l'application coran",
    "available_plans_for_you":	"plans disponibles pour vous",
    "monthly_plan":	"plan mensuel",
    "3_day_free_trial_restore_purchase":	"Essai gratuit de 3 jours + achat de restauration",
    "yearly_plan":	"Plan annuel",
    "7_day_free_trial_restore_purchase":	"Essai gratuit de 7 jours + achat de restauration",
    "lifetime_plan":	"plan à vie",
    "15_day_free_trial":	"Essai gratuit de 15 jours",
    "purchase":	"achat",
    "as_a_premium_member_you_have_access_to":	"en tant que membre premium, vous avez accès à",
    "having_an_issue_please_write_to_us":	"avoir un problème ? Merci de nous écrire",
    "submit_feedback":	"soumettre des commentaires",
    "restore_purchase":	"restaurer l'achat",
    "full_name":	"nom et prénom",
    "email_address":	"adresse e-mail",
    "preferred_app_language":	"langue d'application préférée",
    "logged_in_devices":	"appareils connectés",
    "update_profile":	"mettre à jour le profil",
    "enter_tasbeeh_count":	"entrez le nombre de tasbeeh",
    "confirm":	"confirmer",
    "prayer_time_notfication":	"notification de l'heure de la prière",
    "what_are_you_hoping_to_achieve_with_quran_app?":	"qu'espérez-vous réaliser avec l'application coran?",
    "listen_to_the_quran_from_the_world's_most_beautiful_voices":	"écoutez le coran des plus belles voix du monde",
    "how_fluent_are_you_with_quran?":	"à quel point êtes-vous à l'aise avec le coran?",
    "beginner":	"débutant",
    "intermediate":	"intermédiaire",
    "fluent":	"courant",
    "expert":	"expert",
    "what's_your_email_address?":	"Quelle est votre adresse e-mail?",
    "finish_profile":	"profil de finition",
    "dua_reminder":	"rappel dua",
    "male_and_female_relationships":	"relations hommes et femmes",
    "mb":	"mégaoctet",
    "downloaded":	"téléchargé",
    "collection_of":	"collection de",
    "currently_playing":	"joue actuellement",
    "currently_selected":	"actuellement sélectionné",
    "of":	"de",

    "kb": "kb",
    "enter_the_count": "Enter the count",
    "now_playing": "Now Playing",
    "please_wait": "Please Wait",
    "manage_profile": "Manage Profile",
    "all_reciters": "All Reciters",
    "complete_quran": "Complete Quran"
 }