{
    "quran":	"कुरान",
    "recitation":	"सस्वर पाठ",
    "hour":	"घंटा",
    "surah":	"सूरा",
    "duas":	"दुआ",
    "favorites":	"पसंदीदा",
    "index":	"अनुक्रमणिका",
    "juz":	"जज़",
    "bookmarks":	"बुकमार्क",
    "reciters":	"पढ़ने वाले",
    "21_mb_of_124_mb_downloaded":	"124 एमबी में से 21 एमबी डाउनलोड किया गया",
    "playing":	"खेलना",
    "surah_al_baqarah":	"सूरा अल बकराह",
    "surah_index":	"सूरा सूचकांक",
    "read_quran_settings":	"कुरान सेटिंग्स पढ़ें",
    "arabic":	"अरबी",
    "translation":	"अनुवाद",
    "translation_language":	"अनुवाद भाषा",
    "quran_text_size":	"कुरान पाठ का आकार",
    "translations_text_size":	"अनुवाद पाठ का आकार",
    "save_settings":	"सेटिंग्स सेव करें",
    "dua_categories":	"दुआ श्रेणियां",
    "juz_index":	"जज़ इंडेक्स",
    "audio_bookmarks":	"ऑडियो बुकमार्क",
    "reading_bookmarks":	"बुकमार्क पढ़ना",
    "favorite_reciters":	"पसंदीदा पाठक",
    "more":	"अधिक",
    "99_names_of_allah":	"अल्लाह के 99 नाम",
    "qibla_direction":	"किबला दिशा",
    "step_by_step_salah":	"कदम दर कदम सालाह",
    "salah_timer":	"सालाह टाइमर",
    "shahada":	"शाहदा",
    "tasbeeh":	"Tasbeeh",
    "degree_of_the_qibla":	"क़िबला की डिग्री",
    "distance_to_qibla":	"किबला की दूरी",
    "longitude":	"देशान्तर",
    "latitude":	"अक्षांश",
    "switch_to_3d_view":	"3डी व्यू पर स्विच करें",
    "fajar":	"फजर",
    "dhuhar":	"धुहर",
    "asr":	"अस्र",
    "maghrib":	"मग़रिब",
    "isha":	"ईशा",
    "allah_hu_akbar":	"अल्लाह हू अकबर",
    "alhamulillah":	"alhamulillah",
    "subhanallah":	"Subhanallah",
    "custom":	"रिवाज़",
    "1st_shahadah_purity":	"पहली शाहदह शुद्धता",
    "2nd_shahadah_testimony":	"दूसरा शाहदाह गवाही",
    "3rd_shahadah_glorification":	"तीसरा शाहदाह महिमा",
    "4th_shahadah_unity":	"चौथी शाहदह एकता",
    "5th_shahadah_penitence":	"5 वीं शाहदह तपस्या",
    "6th_shahadah_rejecting_disbelief":	"6 शहादह अविश्वास को खारिज कर रहा है",
    "settings":	"समायोजन",
    "app_experience":	"ऐप का अनुभव",
    "upgrade_app_experience":	"अपग्रेड ऐप अनुभव",
    "manage_subscriptions":	"सदस्यता प्रबंधित करें",
    "edit_profile":	"प्रोफ़ाइल संपादित करें",
    "logged_in_as":	"के रूप में लॉग इन किया",
    "choose_dark_or_light_mode":	"डार्क या लाइटमोड चुनें",
    "app_font":	"ऐप फ़ॉन्ट",
    "translation_manager":	"अनुवाद प्रबंधक",
    "download_manager":	"अधःभारण प्रबंधक",
    "app_language":	"ऐप भाषा",
    "notifications":	"सूचनाएं",
    "app_support":	"एप्लीकेशन को समर्थन",
    "report_an_issue":	"मामले की रिपोर्ट करें",
    "privacy_policy":	"गोपनीयता नीति",
    "terms_of_service":	"सेवा की शर्तें",
    "about_the_app":	"ऐप के बारे में",
    "feedback":	"प्रतिक्रिया",
    "share":	"शेयर करना",
    "logout":	"लॉग आउट",
    "app_theme":	"ऐप थीम",
    "choose_app_theme":	"ऐप थीम चुनें",
    "customize_the_app_experience":	"ऐप अनुभव को अनुकूलित करें",
    "light_mode":	"प्रकाश मोड",
    "dark_mode":	"डार्क मोड",
    "next_surah":	"अगला सूरा",
    "continue_to_next_surah":	"अगले सूरा पर जारी रखें",
    "home":	"घर",
    "your_engagement":	"आपकी सगाई",
    "this_week":	"इस सप्ताह",
    "minutes":	"मिनट",
    "from_last_week":	"पिछले सप्ताह से",
    "lifetime":	"जीवनभर",
    "continue_where_you_left_off":	"वहीं से जारी रखें जहां आपने छोड़ा था",
    "quran_stories":	"कुरान कहानियाँ",
    "surah_ar_rahman":	"सूरा अर रहमान",
    "the_merciful_surah_55":	"दयालु सूरा 55",
    "ayat":	"आयत",
    "page":	"पृष्ठ",
    "view_all":	"सभी को देखें",
    "verse_of_the_day":	"दिन का श्लोक",
    "quran_miracles":	"कुरान चमत्कार",
    "story_of_prophet_noah":	"पैगंबर नूह की कहानी",
    "quran_inspiration":	"कुरान प्रेरणा",
    "karoon":	"मैं",
    "people_of_the_cave":	"गुफा के लोग",
    "barsisa:the_renegade":	"बरसीसा : पाखण्डी",
    "people_of_the_elephants":	"हाथियों के लोग",
    "people_of_the_garden":	"बगीचे के लोग",
    "queen_sheba":	"रानी शीबा",
    "wisdom_of_luqman":	"लुकमान का ज्ञान",
    "sinkholes":	"सिंकहोल्स",
    "hydrothermal_vents":	"जल उष्मा",
    "internal_mountains":	"आंतरिक पहाड़",
    "porous_rocks":	"झरझरा चट्टानें",
    "coal":	"कोयला",
    "garden":	"बगीचा",
    "fasting":	"उपवास",
    "minerals":	"खनिज",
    "colonies":	"कालोनियों",
    "meteorites":	"उल्कापिंड",
    "islam_basics":	"इस्लाम मूल बातें",
    "qaida":	"कायदा",
    "teachings_of_islam":	"इस्लाम की शिक्षाएँ",
    "ramzan":	"रमजान",
    "resume":	"फिर शुरू करना",
    "reciters_page":	"पाठक पृष्ठ",
    "abdul_rahman_alsudais":	"अब्दुल रहमान अलसुदैस",
    "saad_el_ghamidi":	"साद अल घामिदी",
    "abdul_basit":	"अब्दुल बासित",
    "abdullah_awad_al_juhany":	"अब्दुल्ला अवद अल जुहानी",
    "yaseen":	"यासीन",
    "alkahf":	"alkaf",
    "my_stats":	"मेरे आंकड़े",
    "your_app_engagement_stats":	"आपके ऐप की सहभागिता के आँकड़े",
    "app_colors":	"ऐप रंग",
    "beliefs":	"मान्यताएं",
    "practices":	"आचरण",
    "halal_and_haram":	"हलाल और हराम",
    "names":	"नाम",
    "islamic_pharases":	"इस्लामी वाक्यांश",
    "week":	"सप्ताह",
    "month":	"महीना",
    "year":	"वर्ष",
    "muharram":	"मुहर्रम",
    "safar":	"सफ़र",
    "rabi_al-awwal":	"रबी अल-अव्वल",
    "rabi_al-thani":	"रबी अल-थानी",
    "jumada_al-awwal":	"जुमादा अल-अव्वल",
    "jumada_al-thani":	"जुमादा अल-थानी",
    "rajab":	"रज्जब",
    "shaban":	"शबान",
    "ramadan":	"रमजान",
    "shawwal":	"शावाल",
    "dhu_al-qadah":	"धू अल-क़दाह",
    "dhu_al-hijjah":	"धू अल-हिज्जाह",
    "duas_for_rabbana":	"रब्बाना के लिए दुआ",
    "duas_for_prayers":	"प्रार्थना के लिए दुआ",
    "duas_for_something":	"दुआ कुछ के लिए",
    "duas_for_certain_situations":	"दुआ कुछ स्थितियों के लिए",
    "duas_for_istikhaara":	"दुआ इस्तिखारा के लिए",
    "duas_for_controlling_yourself":	"दुआ अपने आप को नियंत्रित करने के लिए",
    "duas_for_betterment_of_others":	"दूसरों की भलाई के लिए दुआ",
    "duas_for_the_deseased_at_the_funeral_prayer":	"अंतिम संस्कार की प्रार्थना में मृतक के लिए दुआ",
    "collection_of_duas":	"दुआओं का संग्रह",
    "audio_is_downloading":	"ऑडियो डाउनलोड हो रहा है",
    "we_will_provide_custom_recommendations_to_fit_your_individual_goals":	"हम आपके व्यक्तिगत लक्ष्यों को पूरा करने के लिए कस्टम अनुशंसाएँ प्रदान करेंगे",
    "choose_upto_3_goals_for_precise_personalization":	"सटीक वैयक्तिकरण के लिए 3 लक्ष्य तक चुनें",
    "stream/download_reciters":	"स्ट्रीम डाउनलोड पाठक",
    "read_offline_quran":	"ऑफ़लाइन कुरान पढ़ें",
    "set_quran_goals":	"कुरान लक्ष्य निर्धारित करें",
    "explore_the_quran":	"कुरान का अन्वेषण करें",
    "translations_&_reflection":	"अनुवाद और प्रतिबिंब",
    "learn_the_qaida":	"कायदा सीखो",
    "you_can_always_change_goals_later":	"आप हमेशा बाद में लक्ष्य बदल सकते हैं",
    "skip_for_now":	"अभी के लिए छोड़ दे",
    "purpose_of_quran_app?":	"कुरान ऐप का उद्देश्य?",
    "continue":	"जारी रखना",
    "beautiful_recitations_from_around_the_world":	"दुनिया भर से सुंदर सस्वर पाठ",
    "set_your_favorite_reciter":	"अपना पसंदीदा पाठक सेट करें",
    "sheikh_mishary_al_afasy":	"शेख मिश्री अल अफसी",
    "sheikh_maher_muaqily":	"शेख माहेर Muaqily",
    "abdur-rahman_as-sudais":	"अब्दुर-रहमान अस-सुदैस",
    "saud_al-shuraim":	"सऊद अल-शुरैम",
    "hani_ar-rifai":	"हनी अर-रिफाई",
    "mahmoud_al-hussary":	"महमूद अल-हुसरी",
    "when_do_you_like_to_recite?":	"आप कुरान कब पढ़ना पसंद करते हैं?",
    "morning":	"सुबह",
    "afternoon":	"दोपहर",
    "evening":	"शाम",
    "night":	"रात",
    "set_up_a_daily_reminder_for_quran_recitation":	"क़ुरान पाठ के लिए एक दैनिक अनुस्मारक सेट करें",
    "enabling_reminder_increases_the_likelihood_of_daily_quran_reading_by_3x._are_you_interested_in_establishing_a_successful_habit_of_reading_the_quran?":	"अनुस्मारक सक्षम करने से दैनिक कुरान पढ़ने की संभावना 3 गुना बढ़ जाती है। क्या आप कुरान पढ़ने की एक सफल आदत स्थापित करने में रुचि रखते हैं?",
    "set_reminder":	"अनुस्मारक सेट करें",
    "how_much_time_would_you_like_to_read_the_quran_daily?":	"आप रोजाना कितना समय कुरान पढ़ना चाहेंगे?",
    "5_minutes":	"5 मिनट",
    "10_minutes":	"10 मिनटों",
    "15_minutes":	"15 मिनटों",
    "20_minutes":	"20 मिनट",
    "30_minutes":	"30 मिनट",
    "choose_your_preferred_language":	"अपनी पसंदीदा भाषा चुनें",
    "let's_personalize_the_app_experience":	"आइए ऐप के अनुभव को वैयक्तिकृत करें",
    "urdu":	"उर्दू",
    "english":	"अंग्रेज़ी",
    "hindi":	"हिंदी",
    "bengali":	"बंगाली",
    "chinese":	"चीनी",
    "french":	"फ्रेंच",
    "indonesian":	"इंडोनेशियाई",
    "spanish":	"स्पैनिश",
    "german":	"जर्मन",
    "turn_on_notifications_to_get_the_most_out_of_quran_pro?":	"क़ुरान प्रो का अधिकतम लाभ उठाने के लिए सूचनाएं चालू करें?",
    "receive_personalized_recommedations,_hadiths,_athan,_duas_and_other_reminders_to_enhance_your_spirtual_journey._you_can_opt_out_anytime":	"अपनी आध्यात्मिक यात्रा को बढ़ाने के लिए व्यक्तिगत सुझाव, हदीस, अथान, दुआ और अन्य अनुस्मारक प्राप्त करें। आपके लिय एबाहर जाने का विकल्प हमेशा मौजूद है",
    "daily_quran_recitation_reminder":	"दैनिक कुरान पाठ अनुस्मारक",
    "daily_quran_verse":	"दैनिक कुरान छंद",
    "daily_salah_reminder":	"दैनिक सलाह अनुस्मारक",
    "friday_prayer_reminder":	"शुक्रवार प्रार्थना अनुस्मारक",
    "finish_setup":	"सेटअप समाप्त करें",
    "reciter":	"पढ़नेवाला",
    "search_surah_name":	"सूरा नाम खोजें",
    "search_juz_name":	"जज़ नाम खोजें",
    "choose_app_color":	"ऐप का रंग चुनें",
    "update_colors":	"अद्यतन रंग",
    "arabic_font_preview":	"अरबी फ़ॉन्ट पूर्वावलोकन",
    "translation_text_size":	"अनुवाद पाठ का आकार",
    "translation_font_preview":	"अनुवाद फ़ॉन्ट पूर्वावलोकन",
    "default_translation_language":	"डिफ़ॉल्ट अनुवाद भाषा",
    "translations":	"अनुवाद",
    "downloaded_audio":	"डाउनलोड किया गया ऑडियो",
    "upgrade_to_premium":	"प्रीमियम में अपग्रेड करें",
    "get_the_premium_today_and_enjoy_unlimited_access_to_the_quran_pro_app":	"आज ही प्रीमियम प्राप्त करें और कुरान ऐप तक असीमित पहुंच का आनंद लें",
    "ad-free_app_experience":	"विज्ञापन-मुक्त ऐप अनुभव",
    "unlock_quran_stories":	"कुरान कहानियों को अनलॉक करें",
    "start_free_trial":	"निशुल्क आजमाइश शुरु करें",
    "your_current_location":	"आपके वर्तमान स्थान",
    "other_tasbeeh_of_your_choice":	"आपकी पसंद के अन्य तस्बीह",
    "custom_count":	"कस्टम गिनती",
    "6_kalimas":	"6 कलीम",
    "km":	"किमी",
    "px":	"पिक्सल",
    "arabic_font":	"अरबी फ़ॉन्ट",
    "login_to_get_started":	"आरंभ करने के लिए लॉगिन करें",
    "enter_your_email":	"अपना ईमेल दर्ज करें",
    "password":	"पासवर्ड",
    "forgot_password":	"पासवर्ड भूल गए",
    "or_login_using":	"या लॉग इन करें",
    "don't_have_an_account_register":	"खाता नहीं है? पंजीकरण करवाना",
    "create_an_account_to_save_your_progress":	"अपनी प्रगति को बचाने के लिए एक खाता बनाएँ",
    "let's_get_started_on_the_quran_pro_app":	"आइए कुरान प्रो ऐप पर शुरुआत करें",
    "register":	"पंजीकरण करवाना",
    "or_register_using":	"या पंजीकरण का उपयोग कर",
    "already_have_account_an_account_login":	"पहले से ही एक खाता है? लॉग इन करें",
    "what's_your_name?":	"आपका क्या नाम है?",
    "your_name":	"अप का नाम",
    "somali":	"सोमाली",
    "please_be_patient_as_we_create_a_personalized_experience_for_your_quran_study":	"कृपया धैर्य रखें क्योंकि हम आपके क़ुरान अध्ययन के लिए एक व्यक्तिगत अनुभव बनाते हैं",
    "playing_recitation":	"सस्वर पाठ करना",
    "surah_playlist":	"सूरा प्लेलिस्ट",
    "no_active_internet_connection":	"कोई सक्रिय इंटरनेट कनेक्शन नहीं",
    "retry":	"पुन: प्रयास",
    "daily_duas":	"दैनिक दुआ",
    "please_let_us_know_what_you_would_like_to_do":	"कृपया हमें बताएं कि आप क्या करना चाहते हैं",
    "description":	"विवरण",
    "your_email":	"आपका ईमेल",
    "submit":	"जमा करना",
    "terms_&_conditions":	"नियम एवं शर्तें",
    "how_your_free_trial_works":	"आपका निःशुल्क परीक्षण कैसे काम करता है",
    "today":	"आज",
    "start_your_full_access_to_all_the_sections_of_app":	"ऐप के सभी अनुभागों तक अपनी पूर्ण पहुंच प्रारंभ करें",
    "day_5":	"दिन 5",
    "you_will_get_a_reminder_about_when_your_trial_will_end":	"आपको इस बारे में रिमाइंडर मिलेगा कि आपका परीक्षण कब समाप्त होगा",
    "day_7":	"दिन 7",
    "you_will_be_charged_cancel_anytime_before_this.":	"तुम आवेशित हों जाओगे। इससे पहले कभी भी कैंसिल करें।",
    "unlimited_free_access_for_days_then_us_per_year_us_per_month)":	"7 दिनों के लिए असीमित मुफ्त पहुंच, फिर यूएस $15.49 प्रति वर्ष (यूएस $1.29 प्रति माह)",
    "view_all_plans":	"सभी योजनाओं को देखें",
    "limited_time_offer_for_unlimited_perks_&_benefits":	"असीमित भत्तों और लाभों के लिए सीमित समय की पेशकश",
    "ends_in":	"में समाप्त",
    "plans_specially_curated_for_you":	"आपके लिए विशेष रूप से बनाई गई योजनाएं",
    "monthly":	"महीने के",
    "yearly":	"वार्षिक",
    "6_months":	"6 महीने",
    "12_months":	"12 महीने",
    "1_month":	"1 महीना",
    "prime_plan":	"प्रमुख योजना",
    "no_ads":	"विज्ञापन नहीं",
    "purchase_now":	"अब खरीदें",
    "recurring_billing_cancel_anytime":	"आवर्ती बिलिंग। किसी भी समय रद्द करें",
    "your_subscription_will_automatically_renew_for_the_same_purchasing_program_at_the_same_time":	"आपकी सदस्यता उसी समय उसी खरीदारी कार्यक्रम के लिए स्वतः नवीनीकृत हो जाएगी",
    "previous_chapter":	"पिछला अध्याय",
    "listen_story":	"कहानी सुनो",
    "next_chapter":	"अगला अध्याय",
    "get_the_premium_today_and_enjoy_unlimited_access_to_the_quran_app":	"आज ही प्रीमियम प्राप्त करें और क़ुरान ऐप की असीमित एक्सेस का आनंद लें",
    "available_plans_for_you":	"आपके लिए उपलब्ध योजनाएं",
    "monthly_plan":	"मासिक योजना",
    "3_day_free_trial_restore_purchase":	"3 दिन का नि: शुल्क परीक्षण + खरीद बहाल करें",
    "yearly_plan":	"वार्षिक योजना",
    "7_day_free_trial_restore_purchase":	"7 दिन का नि: शुल्क परीक्षण + खरीद बहाल करें",
    "lifetime_plan":	"आजीवन योजना",
    "15_day_free_trial":	"15 दिन का नि: शुल्क परीक्षण",
    "purchase":	"खरीदना",
    "as_a_premium_member_you_have_access_to":	"एक प्रीमियम सदस्य के रूप में आपकी पहुंच है",
    "having_an_issue_please_write_to_us":	"कोई समस्या है? कृपया हमें लिखें",
    "submit_feedback":	"प्रतिपुष्टि दें",
    "restore_purchase":	"पुनःस्थापन क्रय",
    "full_name":	"पूरा नाम",
    "email_address":	"मेल पता",
    "preferred_app_language":	"पसंदीदा ऐप भाषा",
    "logged_in_devices":	"लॉग इन उपकरणों",
    "update_profile":	"प्रोफ़ाइल अपडेट करें",
    "enter_tasbeeh_count":	"तस्बीह गिनती दर्ज करें",
    "confirm":	"पुष्टि करना",
    "prayer_time_notfication":	"प्रार्थना समय अधिसूचना",
    "what_are_you_hoping_to_achieve_with_quran_app?":	"आप क़ुरान ऐप से क्या हासिल करने की उम्मीद कर रहे हैं?",
    "listen_to_the_quran_from_the_world's_most_beautiful_voices":	"दुनिया की सबसे खूबसूरत आवाजों में से कुरान को सुनें",
    "how_fluent_are_you_with_quran?":	"आप कुरान के साथ कितने धाराप्रवाह हैं?",
    "beginner":	"शुरुआत",
    "intermediate":	"मध्यम",
    "fluent":	"प्रवाहमय",
    "expert":	"विशेषज्ञ",
    "what's_your_email_address?":	"आपका ई मेल पता क्या है?",
    "finish_profile":	"प्रोफ़ाइल समाप्त करें",
    "dua_reminder":	"दुआ अनुस्मारक",
    "male_and_female_relationships":	"पुरुष और महिला संबंध",
    "mb":	"मेगाबाइट",
    "downloaded":	"डाउनलोड",
    "collection_of":	"का संग्रह",
    "currently_playing":	"इस समय खेल रहा है",
    "currently_selected":	"वर्तमान में चयनित",
    "of":	"का",

    "kb": "kb",
    "enter_the_count": "Enter the count",
    "now_playing": "Now Playing",
    "please_wait": "Please Wait",
    "manage_profile": "Manage Profile",
    "all_reciters": "All Reciters",
    "complete_quran": "Complete Quran"
 }