{
    "quran":	"quran",
    "recitation":	"pembacaan",
    "hour":	"jam",
    "surah":	"surah",
    "duas":	"doa",
    "favorites":	"favorit",
    "index":	"indeks",
    "juz":	"juz",
    "bookmarks":	"bookmark",
    "reciters":	"pembaca",
    "21_mb_of_124_mb_downloaded":	"21 mb dari 124 mb diunduh",
    "playing":	"bermain",
    "surah_al_baqarah":	"surat al baqarah",
    "surah_index":	"indeks surah",
    "read_quran_settings":	"pengaturan membaca alquran",
    "arabic":	"Arab",
    "translation":	"terjemahan",
    "translation_language":	"bahasa terjemahan",
    "quran_text_size":	"ukuran teks alquran",
    "translations_text_size":	"ukuran teks terjemahan",
    "save_settings":	"Simpan Pengaturan",
    "dua_categories":	"kategori doa",
    "juz_index":	"indeks juz",
    "audio_bookmarks":	"bookmark audio",
    "reading_bookmarks":	"membaca bookmark",
    "favorite_reciters":	"qari favorit",
    "more":	"lagi",
    "99_names_of_allah":	"99 nama allah",
    "qibla_direction":	"arah kiblat",
    "step_by_step_salah":	"langkah demi langkah salat",
    "salah_timer":	"pengatur waktu shalat",
    "shahada":	"syahadat",
    "tasbeeh":	"tasbih",
    "degree_of_the_qibla":	"derajat kiblat",
    "distance_to_qibla":	"jarak ke kiblat",
    "longitude":	"garis bujur",
    "latitude":	"Garis Lintang",
    "switch_to_3d_view":	"beralih ke tampilan 3d",
    "fajar":	"fajar",
    "dhuhar":	"dhuhar",
    "asr":	"asr",
    "maghrib":	"maghrib",
    "isha":	"isha",
    "allah_hu_akbar":	"Allah maha besar",
    "alhamulillah":	"alhamdulillah",
    "subhanallah":	"subhanallah",
    "custom":	"kebiasaan",
    "1st_shahadah_purity":	"kemurnian syahadat pertama",
    "2nd_shahadah_testimony":	"kesaksian syahadat ke-2",
    "3rd_shahadah_glorification":	"pemuliaan syahadat ke 3",
    "4th_shahadah_unity":	"kesatuan syahadat ke-4",
    "5th_shahadah_penitence":	"tobat 5 syahadat",
    "6th_shahadah_rejecting_disbelief":	"syahadat 6 menolak kekafiran",
    "settings":	"pengaturan",
    "app_experience":	"pengalaman aplikasi",
    "upgrade_app_experience":	"tingkatkan pengalaman aplikasi",
    "manage_subscriptions":	"mengelola langganan",
    "edit_profile":	"Sunting profil",
    "logged_in_as":	"masuk sebagai",
    "choose_dark_or_light_mode":	"pilih mode gelap atau terang",
    "app_font":	"font aplikasi",
    "translation_manager":	"manajer terjemahan",
    "download_manager":	"manajer unduhan",
    "app_language":	"bahasa aplikasi",
    "notifications":	"notifikasi",
    "app_support":	"dukungan aplikasi",
    "report_an_issue":	"melaporkan masalah",
    "privacy_policy":	"Kebijakan pribadi",
    "terms_of_service":	"persyaratan layanan",
    "about_the_app":	"tentang aplikasi",
    "feedback":	"masukan",
    "share":	"membagikan",
    "logout":	"keluar",
    "app_theme":	"tema aplikasi",
    "choose_app_theme":	"pilih tema aplikasi",
    "customize_the_app_experience":	"menyesuaikan pengalaman aplikasi",
    "light_mode":	"modus cahaya",
    "dark_mode":	"mode gelap",
    "next_surah":	"surah berikutnya",
    "continue_to_next_surah":	"berlanjut ke surah berikutnya",
    "home":	"rumah",
    "your_engagement":	"pertunangan Anda",
    "this_week":	"minggu ini",
    "minutes":	"menit",
    "from_last_week":	"dari minggu lalu",
    "lifetime":	"seumur hidup",
    "continue_where_you_left_off":	"lanjutkan di mana Anda tinggalkan",
    "quran_stories":	"cerita alquran",
    "surah_ar_rahman":	"surat ar rahman",
    "the_merciful_surah_55":	"surat penyayang 55",
    "ayat":	"ayat",
    "page":	"halaman",
    "view_all":	"Lihat semua",
    "verse_of_the_day":	"ayat hari ini",
    "quran_miracles":	"keajaiban alquran",
    "story_of_prophet_noah":	"kisah nabi nuh",
    "quran_inspiration":	"inspirasi alquran",
    "karoon":	"karoon",
    "people_of_the_cave":	"orang gua",
    "barsisa:the_renegade":	"barsisa: pemberontak",
    "people_of_the_elephants":	"orang gajah",
    "people_of_the_garden":	"orang kebun",
    "queen_sheba":	"ratu sheba",
    "wisdom_of_luqman":	"kebijaksanaan Luqman",
    "sinkholes":	"lubang runtuhan",
    "hydrothermal_vents":	"ventilasi hidrotermal",
    "internal_mountains":	"pegunungan dalam",
    "porous_rocks":	"batuan berpori",
    "coal":	"batu bara",
    "garden":	"kebun",
    "fasting":	"puasa",
    "minerals":	"mineral",
    "colonies":	"koloni",
    "meteorites":	"meteorit",
    "islam_basics":	"dasar keislaman",
    "qaida":	"qaida",
    "teachings_of_islam":	"ajaran islam",
    "ramzan":	"ramzan",
    "resume":	"melanjutkan",
    "reciters_page":	"halaman qari",
    "abdul_rahman_alsudais":	"abdul rahman alsudais",
    "saad_el_ghamidi":	"saad el ghamidi",
    "abdul_basit":	"abdul basit",
    "abdullah_awad_al_juhany":	"abdullah awad al juhani",
    "yaseen":	"yasin",
    "alkahf":	"alkahf",
    "my_stats":	"Statistik saya",
    "your_app_engagement_stats":	"statistik keterlibatan aplikasi Anda",
    "app_colors":	"warna aplikasi",
    "beliefs":	"keyakinan",
    "practices":	"praktik",
    "halal_and_haram":	"halal dan haram",
    "names":	"nama",
    "islamic_pharases":	"kalimat islami",
    "week":	"pekan",
    "month":	"bulan",
    "year":	"tahun",
    "muharram":	"muharram",
    "safar":	"safar",
    "rabi_al-awwal":	"rabi al-awal",
    "rabi_al-thani":	"rabi al-thani",
    "jumada_al-awwal":	"jumada al-awwal",
    "jumada_al-thani":	"jumada al-thani",
    "rajab":	"rajab",
    "shaban":	"shaban",
    "ramadan":	"Ramadan",
    "shawwal":	"Syawal",
    "dhu_al-qadah":	"dhu al-qadah",
    "dhu_al-hijjah":	"dhu al-hijjah",
    "duas_for_rabbana":	"doa untuk rabbana",
    "duas_for_prayers":	"doa untuk sholat",
    "duas_for_something":	"doa untuk sesuatu",
    "duas_for_certain_situations":	"doa untuk situasi tertentu",
    "duas_for_istikhaara":	"doa untuk istikhaara",
    "duas_for_controlling_yourself":	"doa untuk mengendalikan diri",
    "duas_for_betterment_of_others":	"do'a untuk kebaikan orang lain",
    "duas_for_the_deseased_at_the_funeral_prayer":	"doa untuk orang sakit pada doa pemakaman",
    "collection_of_duas":	"kumpulan doa",
    "audio_is_downloading":	"audio sedang diunduh",
    "we_will_provide_custom_recommendations_to_fit_your_individual_goals":	"kami akan memberikan rekomendasi khusus agar sesuai dengan tujuan pribadi Anda",
    "choose_upto_3_goals_for_precise_personalization":	"pilih hingga 3 sasaran untuk personalisasi yang tepat",
    "stream_download_reciters":	"stream download reciters",
    "read_offline_quran":	"baca alquran offline",
    "set_quran_goals":	"menetapkan tujuan al-qur'an",
    "explore_the_quran":	"mendalami Alquran",
    "translations_&_reflection":	"terjemahan & refleksi",
    "learn_the_qaida":	"belajar qaida",
    "you_can_always_change_goals_later":	"Anda selalu dapat mengubah tujuan nanti",
    "skip_for_now":	"lewati untuk saat ini",
    "purpose_of_quran_app?":	"tujuan aplikasi quran?",
    "continue":	"melanjutkan",
    "beautiful_recitations_from_around_the_world":	"bacaan indah dari seluruh dunia",
    "set_your_favorite_reciter":	"atur qari favorit Anda",
    "sheikh_mishary_al_afasy":	"syekh mishary al afasy",
    "sheikh_maher_muaqily":	"syekh maher muaqily",
    "abdur-rahman_as-sudais":	"abdur-rahman as-sudais",
    "saud_al-shuraim":	"saud al-shuraim",
    "hani_ar-rifai":	"hani ar-rifai",
    "mahmoud_al-hussary":	"mahmud al-hussary",
    "when_do_you_like_to_recite?":	"kapan kamu suka membaca alquran?",
    "morning":	"Pagi",
    "afternoon":	"sore",
    "evening":	"malam",
    "night":	"malam",
    "set_up_a_daily_reminder_for_quran_recitation":	"mengatur pengingat harian untuk pembacaan quran",
    "enabling_reminder_increases_the_likelihood_of_daily_quran_reading_by_3x._are_you_interested_in_establishing_a_successful_habit_of_reading_the_quran?":	"mengaktifkan pengingat meningkatkan kemungkinan membaca Alquran setiap hari sebanyak 3x. Apakah Anda tertarik untuk membangun kebiasaan sukses membaca Al-Qur'an?",
    "set_reminder":	"atur pengingat",
    "how_much_time_would_you_like_to_read_the_quran_daily?":	"berapa lama anda ingin membaca alquran setiap hari?",
    "5_minutes":	"5 menit",
    "10_minutes":	"10 menit",
    "15_minutes":	"15 menit",
    "20_minutes":	"20 menit",
    "30_minutes":	"30 menit",
    "choose_your_preferred_language":	"pilih bahasa pilihan Anda",
    "let's_personalize_the_app_experience":	"mari personalisasikan pengalaman aplikasi",
    "urdu":	"urdu",
    "english":	"bahasa inggris",
    "hindi":	"Hindi",
    "bengali":	"bangali",
    "chinese":	"Cina",
    "french":	"Perancis",
    "indonesian":	"bahasa Indonesia",
    "spanish":	"Orang Spanyol",
    "german":	"Jerman",
    "turn_on_notifications_to_get_the_most_out_of_quran_pro?":	"aktifkan notifikasi untuk mendapatkan hasil maksimal dari quran pro?",
    "receive_personalized_recommedations,_hadiths,_athan,_duas_and_other_reminders_to_enhance_your_spirtual_journey._you_can_opt_out_anytime":	"menerima rekomendasi yang dipersonalisasi, hadits, athan, doa, dan pengingat lainnya untuk meningkatkan perjalanan spiritual Anda. Anda dapat memilih keluar kapan saja",
    "daily_quran_recitation_reminder":	"pengingat bacaan quran harian",
    "daily_quran_verse":	"ayat quran harian",
    "daily_salah_reminder":	"pengingat shalat harian",
    "friday_prayer_reminder":	"pengingat sholat jumat",
    "finish_setup":	"selesaikan penyiapan",
    "reciter":	"tukang deklamasi",
    "search_surah_name":	"cari nama surah",
    "search_juz_name":	"cari nama juz",
    "choose_app_color":	"pilih warna aplikasi",
    "update_colors":	"memperbarui warna",
    "arabic_font_preview":	"pratinjau font arab",
    "translation_text_size":	"ukuran teks terjemahan",
    "translation_font_preview":	"pratinjau font terjemahan",
    "default_translation_language":	"bahasa terjemahan default",
    "translations":	"terjemahan",
    "downloaded_audio":	"audio yang diunduh",
    "upgrade_to_premium":	"tingkatkan ke premium",
    "get_the_premium_today_and_enjoy_unlimited_access_to_the_quran_pro_app":	"dapatkan premium hari ini dan nikmati akses tak terbatas ke aplikasi quran",
    "ad-free_app_experience":	"pengalaman aplikasi bebas iklan",
    "unlock_quran_stories":	"membuka cerita quran",
    "start_free_trial":	"mulai uji coba gratis",
    "your_current_location":	"lokasi Anda saat ini",
    "other_tasbeeh_of_your_choice":	"tasbih lain pilihan Anda",
    "custom_count":	"hitungan kustom",
    "6_kalimas":	"6 kalimas",
    "km":	"km",
    "px":	"px",
    "arabic_font":	"huruf arab",
    "login_to_get_started":	"masuk untuk Memulai",
    "enter_your_email":	"Masukkan email Anda",
    "password":	"kata sandi",
    "forgot_password":	"Tidak ingat kata sandi",
    "or_login_using":	"atau masuk menggunakan",
    "don't_have_an_account_register":	"tidak punya akun? Daftar",
    "create_an_account_to_save_your_progress":	"buat akun untuk menyimpan kemajuan Anda",
    "let's_get_started_on_the_quran_pro_app":	"mari kita mulai di Aplikasi Quran Pro",
    "register":	"daftar",
    "or_register_using":	"atau mendaftar menggunakan",
    "already_have_account_an_account_login":	"sudah punya akun akun? Gabung",
    "what's_your_name?":	"siapa namamu?",
    "your_name":	"namamu",
    "somali":	"Somalia",
    "please_be_patient_as_we_create_a_personalized_experience_for_your_quran_study":	"harap bersabar karena kami menciptakan pengalaman yang dipersonalisasi untuk studi quran Anda",
    "playing_recitation":	"bermain pengajian",
    "surah_playlist":	"daftar putar surah",
    "no_active_internet_connection":	"tidak ada koneksi internet aktif",
    "retry":	"mencoba kembali",
    "daily_duas":	"doa harian",
    "please_let_us_know_what_you_would_like_to_do":	"beri tahu kami apa yang ingin Anda lakukan",
    "description":	"keterangan",
    "your_email":	"email mu",
    "submit":	"kirim",
    "terms_&_conditions":	"Syarat & Ketentuan",
    "how_your_free_trial_works":	"cara kerja uji coba gratis Anda",
    "today":	"Hari ini",
    "start_your_full_access_to_all_the_sections_of_app":	"mulai akses penuh Anda ke semua bagian aplikasi",
    "day_5":	"Hari 5",
    "you_will_get_a_reminder_about_when_your_trial_will_end":	"Anda akan mendapatkan pengingat tentang kapan uji coba Anda akan berakhir",
    "day_7":	"hari ke 7",
    "you_will_be_charged_cancel_anytime_before_this.":	"Anda akan dikenakan biaya. Batalkan kapan saja sebelum ini.",
    "unlimited_free_access_for_days_then_us_per_year_us_per_month)":	"akses gratis tanpa batas selama 7 hari, lalu US $15,49 per tahun (US $1,29 per bulan)",
    "view_all_plans":	"melihat semua rencana",
    "limited_time_offer_for_unlimited_perks_&_benefits":	"penawaran waktu terbatas untuk tunjangan & keuntungan tak terbatas",
    "ends_in":	"berakhir di",
    "plans_specially_curated_for_you":	"Paket yang dikurasi khusus untuk Anda",
    "monthly":	"bulanan",
    "yearly":	"tahunan",
    "6_months":	"6 bulan",
    "12_months":	"12 bulan",
    "1_month":	"1 bulan",
    "prime_plan":	"rencana utama",
    "no_ads":	"tanpa iklan",
    "purchase_now":	"membeli sekarang",
    "recurring_billing_cancel_anytime":	"penagihan berulang. Batal kapan saja",
    "your_subscription_will_automatically_renew_for_the_same_purchasing_program_at_the_same_time":	"langganan Anda akan diperpanjang secara otomatis untuk program pembelian yang sama pada waktu yang sama",
    "previous_chapter":	"bab sebelumnya",
    "listen_story":	"mendengarkan cerita",
    "next_chapter":	"Bab selanjutnya",
    "get_the_premium_today_and_enjoy_unlimited_access_to_the_quran_app":	"dapatkan premium hari ini dan nikmati akses tak terbatas ke aplikasi quran",
    "available_plans_for_you":	"paket yang tersedia untuk Anda",
    "monthly_plan":	"rencana bulanan",
    "3_day_free_trial_restore_purchase":	"Uji coba gratis 3 hari + pulihkan pembelian",
    "yearly_plan":	"Rencana Tahunan",
    "7_day_free_trial_restore_purchase":	"Uji coba gratis 7 hari + pulihkan pembelian",
    "lifetime_plan":	"rencana seumur hidup",
    "15_day_free_trial":	"Uji coba gratis 15 hari",
    "purchase":	"pembelian",
    "as_a_premium_member_you_have_access_to":	"sebagai anggota premium yang dapat Anda akses",
    "having_an_issue_please_write_to_us":	"mengalami masalah? Silahkan menulis kepada kami",
    "submit_feedback":	"berikan umpan balik",
    "restore_purchase":	"mengembalikan pembelian",
    "full_name":	"nama lengkap",
    "email_address":	"alamat email",
    "preferred_app_language":	"bahasa aplikasi pilihan",
    "logged_in_devices":	"perangkat yang masuk",
    "update_profile":	"memperbaharui profil",
    "enter_tasbeeh_count":	"masukkan hitungan tasbih",
    "confirm":	"mengonfirmasi",
    "prayer_time_notfication":	"pemberitahuan waktu sholat",
    "what_are_you_hoping_to_achieve_with_quran_app?":	"apa yang ingin Anda capai dengan aplikasi quran?",
    "listen_to_the_quran_from_the_world's_most_beautiful_voices":	"mendengarkan quran dari suara yang paling indah di dunia",
    "how_fluent_are_you_with_quran?":	"seberapa fasih kamu dengan alquran?",
    "beginner":	"pemula",
    "intermediate":	"intermediat",
    "fluent":	"fasih",
    "expert":	"pakar",
    "what's_your_email_address?":	"Apa alamat email Anda?",
    "finish_profile":	"menyelesaikan profil",
    "dua_reminder":	"pengingat doa",
    "male_and_female_relationships":	"hubungan laki-laki dan perempuan",
    "mb":	"mb",
    "downloaded":	"diunduh",
    "collection_of":	"koleksi dari",
    "currently_playing":	"sedang diputar",
    "currently_selected":	"saat ini dipilih",
    "of":	"dari",

    "kb": "kb",
    "enter_the_count": "Enter the count",
    "now_playing": "Now Playing",
    "please_wait": "Please Wait",
    "manage_profile": "Manage Profile",
    "all_reciters": "All Reciters",
    "complete_quran": "Complete Quran"
 }