{
  "quran":	"quraan",
  "recitation":	"akhrin",
  "hour":	"saac",
  "surah":	"suurad",
  "duas":	"dus",
  "favorites":	"ugu cadcad",
  "index":	"index",
  "juz":	"juzz",
  "bookmarks":	"bookmarks",
  "reciters":	"akhristayaasha",
  "21_mb_of_124_mb_downloaded":	"21 mb oo ah 124 mb la soo dejiyay",
  "playing":	"ciyaarista",
  "surah_al_baqarah":	"suuratu al baqarah",
  "surah_index":	"tusmada suuradda",
  "read_quran_settings":	"akhri goobaha quraanka",
  "arabic":	"Carabi",
  "translation":	"turjumaada",
  "translation_language":	"luqadda tarjumaada",
  "quran_text_size":	"cabbirka qoraalka quraanka",
  "translations_text_size":	"tarjumaadda cabbirka qoraalka",
  "save_settings":	"kaydinta goobaha",
  "dua_categories":	"qaybaha ducada",
  "juz_index":	"juzz index",
  "audio_bookmarks":	"bookmarks maqal ah",
  "reading_bookmarks":	"akhrinta bookmarks",
  "favorite_reciters":	"akhristayaasha jecel",
  "more":	"dheeraad ah",
  "99_names_of_allah":	"99 magac ee allah",
  "qibla_direction":	"jihada qibla",
  "step_by_step_salah":	"talaabo talaabo salah",
  "salah_timer":	"salah timer",
  "shahada":	"shahaada",
  "tasbeeh":	"tasbeex",
  "degree_of_the_qibla":	"darajada qiblada",
  "distance_to_qibla":	"masaafo ilaa qibla",
  "longitude":	"Longitude",
  "latitude":	"loolka",
  "switch_to_3d_view":	"U beddelo muuqaalka 3d",
  "fajar":	"fajar",
  "dhuhar":	"dhuhar",
  "asr":	"asr",
  "maghrib":	"maghrib",
  "isha":	"isha",
  "allah_hu_akbar":	"allahu akbar",
  "alhamulillah":	"alxamlillah",
  "subhanallah":	"subxanallah",
  "custom":	"caado",
  "1st_shahadah_purity":	"1st shahada daahirnimo",
  "2nd_shahadah_testimony":	"Shahaadada 2aad",
  "3rd_shahadah_glorification":	"3aad shahaadah tasbiixda",
  "4th_shahadah_unity":	"4-aad shahada midnimada",
  "5th_shahadah_penitence":	"Tawbada 5-aad ee shahadah",
  "6th_shahadah_rejecting_disbelief":	"Shahaadadii 6aad oo gaalnimo diiday",
  "settings":	"goobaha",
  "app_experience":	"waayo-aragnimada app",
  "upgrade_app_experience":	"cusboonaysii khibrad app",
  "manage_subscriptions":	"maamul isdiiwaangelinta",
  "edit_profile":	"wax ka beddel profile",
  "logged_in_as":	"u soo galay sidii",
  "choose_dark_or_light_mode":	"dooro mugdi ama iftiin",
  "app_font":	"farta app",
  "translation_manager":	"maamulaha turjumaada",
  "download_manager":	"soo daji maamulaha",
  "app_language":	"luqadda app",
  "notifications":	"ogeysiisyada",
  "app_support":	"taageerada app",
  "report_an_issue":	"ka warbixi arrin",
  "privacy_policy":	"Qaanuunka Arrimaha Khaaska ah",
  "terms_of_service":	"shuruudaha adeegga",
  "about_the_app":	"ku saabsan abka",
  "feedback":	"jawaab celin",
  "share":	"wadaag",
  "logout":	"ka bax",
  "app_theme":	"mawduuca app",
  "choose_app_theme":	"dooro mawduuca abka",
  "customize_the_app_experience":	"habayn waayo aragnimada abka",
  "light_mode":	"habka iftiinka",
  "dark_mode":	"hab madow",
  "next_surah":	"suuradda xigta",
  "continue_to_next_surah":	"sii wad suurada xigta",
  "home":	"guriga",
  "your_engagement":	"hawlgelintaada",
  "this_week":	"Isbuucaan",
  "minutes":	"daqiiqado",
  "from_last_week":	"laga bilaabo todobaadkii hore",
  "lifetime":	"waqtiga nolosha",
  "continue_where_you_left_off":	"ku sii wad meesha aad ka tagtay",
  "quran_stories":	"sheekooyin quraanka",
  "surah_ar_rahman":	"suuratu ar raxmaan",
  "the_merciful_surah_55":	"Suuradda Raxmaanka ah 55",
  "ayat":	"ayay",
  "page":	"bogga",
  "view_all":	"arag dhammaan",
  "verse_of_the_day":	"aayadda maalinta",
  "quran_miracles":	"mucjisooyinka quraanka",
  "story_of_prophet_noah":	"qisadii nabi Nuux",
  "quran_inspiration":	"waxyiga quraanka",
  "karoon":	"karoon",
  "people_of_the_cave":	"dadka godka",
  "barsisa:the_renegade":	"barsiisa:macaaradka",
  "people_of_the_elephants":	"dadka maroodiga ah",
  "people_of_the_garden":	"dadka beerta",
  "queen_sheba":	"boqorad sheba",
  "wisdom_of_luqman":	"garaadka luqmaan",
  "sinkholes":	"godad godad",
  "hydrothermal_vents":	"hawo-mareennada kuleyliyaha",
  "internal_mountains":	"buuraha gudaha",
  "porous_rocks":	"dhagaxyo daloolsan",
  "coal":	"dhuxusha",
  "garden":	"beerta",
  "fasting":	"sooman",
  "minerals":	"macdanta",
  "colonies":	"gumeysi",
  "meteorites":	"meteorites",
  "islam_basics":	"aasaaska islaamka",
  "qaida":	"qaacida",
  "teachings_of_islam":	"diinta islaamka",
  "ramzan":	"ramzan",
  "resume":	"resume",
  "reciters_page":	"akhristayaasha bogga",
  "abdul_rahman_alsudais":	"abdul rahman alsudais",
  "saad_el_ghamidi":	"Sacad el ghamidi",
  "abdul_basit":	"abdul baasit",
  "abdullah_awad_al_juhany":	"abdullah cawad al juhany",
  "yaseen":	"yaseen",
  "alkahf":	"alkahf",
  "my_stats":	"stats my",
  "your_app_engagement_stats":	"istaatistikada hawlgelinta abkaaga",
  "app_colors":	"midabada app",
  "beliefs":	"aaminsanaanta",
  "practices":	"dhaqamada",
  "halal_and_haram":	"xalaal iyo xaaraan",
  "names":	"magacyo",
  "islamic_pharases":	"shareecada islaamka",
  "week":	"usbuuca",
  "month":	"bil",
  "year":	"sanad",
  "muharram":	"muxaram",
  "safar":	"safar",
  "rabi_al-awwal":	"rabi al-awwal",
  "rabi_al-thani":	"rabi al-thani",
  "jumada_al-awwal":	"jumada al-awwal",
  "jumada_al-thani":	"jumada al-thani",
  "rajab":	"rajab",
  "shaban":	"shaban",
  "ramadan":	"ramadaan",
  "shawwal":	"shawaal",
  "dhu_al-qadah":	"dhu al-qadah",
  "dhu_al-hijjah":	"dhu al-hijjah",
  "duas_for_rabbana":	"ducadii rabbana",
  "duas_for_prayers":	"ducada salaadaha",
  "duas_for_something":	"dus wax",
  "duas_for_certain_situations":	"dus xaaladaha qaarkood",
  "duas_for_istikhaara":	"dus for istikhaara",
  "duas_for_controlling_yourself":	"duco si aad naftaada u xakamayso",
  "duas_for_betterment_of_others":	"ducooyin lagu wanaajinayo dadka kale",
  "duas_for_the_deseased_at_the_funeral_prayer":	"ducadii marxuumiinta salaadii janaasada",
  "collection_of_duas":	"ururinta duco",
  "audio_is_downloading":	"maqalku waa soo dejinaysaa",
  "we_will_provide_custom_recommendations_to_fit_your_individual_goals":	"waxaanu ku siin doonaa talooyin ku haboon yoolalkaaga gaarka ah",
  "choose_upto_3_goals_for_precise_personalization":	"dooro ilaa 3 gool shakhsiyaynta saxda ah",
  "stream/download_reciters":	"stream download reciters",
  "read_offline_quran":	"akhri quraanka offline",
  "set_quran_goals":	"yoolal quraanka deji",
  "explore_the_quran":	"baadh quraanka",
  "translations_&_reflection":	"turjumaada & milicsiga",
  "learn_the_qaida":	"baro qaadka",
  "you_can_always_change_goals_later":	"had iyo jeer waxaad bedeli kartaa yoolalka dambe",
  "skip_for_now":	"hadda ka bood",
  "purpose_of_quran_app?":	"Ujeedada app quraanka?",
  "continue":	"sii wad",
  "beautiful_recitations_from_around_the_world":	"akhrinta quruxda badan ee aduunka",
  "set_your_favorite_reciter":	"dhigay akhriyaha aad jeceshahay",
  "sheikh_mishary_al_afasy":	"sheekh mishary al afasy",
  "sheikh_maher_muaqily":	"sheikh maher muaqili",
  "abdur-rahman_as-sudais":	"abdur-rahman as-sudais",
  "saud_al-shuraim":	"saud al-shuraim",
  "hani_ar-rifai":	"hani ar-rifai",
  "mahmoud_al-hussary":	"maxamuud al-xusary",
  "when_do_you_like_to_recite?":	"goormaad jeceshahay inaad quraanka akhrido?",
  "morning":	"subax",
  "afternoon":	"galabnimo",
  "evening":	"fiidkii",
  "night":	"habeen",
  "set_up_a_daily_reminder_for_quran_recitation":	"samee waano maalinle ah oo loogu talagalay akhrinta quraanka",
  "enabling_reminder_increases_the_likelihood_of_daily_quran_reading_by_3x._are_you_interested_in_establishing_a_successful_habit_of_reading_the_quran?":	"Awoodsiinta xasuusinta waxay kordhisaa suurtagalnimada akhriska quraanka maalin kasta 3x. ma xiisaynaysaa inaad samaysato caado guulaysata oo ah akhrinta quraanka?",
  "set_reminder":	"dhigay xusuusin",
  "how_much_time_would_you_like_to_read_the_quran_daily?":	"waqti intee le'eg ayaad rabtaa inaad maalin walba quraanka ku akhrido?",
  "5_minutes":	"5 daqiiqo",
  "10_minutes":	"10 daqiiqo",
  "15_minutes":	"15 daqiiqo",
  "20_minutes":	"20 daqiiqo",
  "30_minutes":	"30 daqiiqo",
  "choose_your_preferred_language":	"dooro luqadda aad door bidayso",
  "let's_personalize_the_app_experience":	"aynu shakhsiyeeyo waayo-aragnimada app",
  "urdu":	"urduu",
  "english":	"ingiriisi",
  "hindi":	"hindi",
  "bengali":	"bangali",
  "chinese":	"shiinees",
  "french":	"faransiis",
  "indonesian":	"Indonesian",
  "spanish":	"isbaanish",
  "german":	"Jarmal",
  "turn_on_notifications_to_get_the_most_out_of_quran_pro?":	"daar ogeysiisyada si aad uga faa'iidaysato pro quran?",
  "receive_personalized_recommedations,_hadiths,_athan,_duas_and_other_reminders_to_enhance_your_spirtual_journey._you_can_opt_out_anytime":	"hel talooyinka gaarka ah, axaadiis, athan, duco iyo xasuusin kale si aad u wanaajiso safarkaaga ruuxiga ah. waad ka bixi kartaa wakhti kasta",
  "daily_quran_recitation_reminder":	"xusuusinta quraanka kariimka ah ee maalinlaha ah",
  "daily_quran_verse":	"maalin walba aayadda quraanka",
  "daily_salah_reminder":	"xusuusin salah maalinle ah",
  "friday_prayer_reminder":	"xasuusinta salaadda jimcaha",
  "finish_setup":	"dhammayn habaynta",
  "reciter":	"akhriye",
  "search_surah_name":	"raadi magaca suuradda",
  "search_juz_name":	"raadi magaca juz",
  "choose_app_color":	"dooro midabka app",
  "update_colors":	"cusboonaysii midabada",
  "arabic_font_preview":	"Horudhac farta carabiga",
  "translation_text_size":	"cabbirka qoraalka turjumaada",
  "translation_font_preview":	"Horudhac farta turjumaada",
  "default_translation_language":	"luqadda turjumaada caadiga ah",
  "translations":	"turjumaada",
  "downloaded_audio":	"la soo degsaday maqal",
  "upgrade_to_premium":	"kor loogu qaado heerka sare",
  "get_the_premium_today_and_enjoy_unlimited_access_to_the_quran_pro_app":	"hel lacagta qaaliga ah maanta oo ku raaxayso gelida aan xadidnayn ee abka quraanka",
  "ad-free_app_experience":	"waayo-aragnimada app-ka xayeysiiska ah",
  "unlock_quran_stories":	"fur sheekooyinka quraanka",
  "start_free_trial":	"bilow tijaabo bilaash ah",
  "your_current_location":	"goobtaada hadda",
  "other_tasbeeh_of_your_choice":	"tasbiixda kale ee aad dooratay",
  "custom_count":	"tirinta caadada",
  "6_kalimas":	"6 kalimad",
  "km":	"km",
  "px":	"px",
  "arabic_font":	"far carabi",
  "login_to_get_started":	"gal si aad u bilowdo",
  "enter_your_email":	"geli emailkaaga",
  "password":	"erayga sirta ah",
  "forgot_password":	"iloobay erayga sirta ah",
  "or_login_using":	"ama login isticmaalaya",
  "don't_have_an_account_register":	"xisaab ma leedahay? Is diwaangeli",
  "create_an_account_to_save_your_progress":	"samee akoon si aad u badbaadiso horumarkaaga",
  "let's_get_started_on_the_quran_pro_app":	"aan ku bilowno App-ka Qur'aanka kariimka ah",
  "register":	"diiwaan geli",
  "or_register_using":	"ama isdiiwaangeli adigoo isticmaalaya",
  "already_have_account_an_account_login":	"Horey akoon u leedahay? soo gal",
  "what's_your_name?":	"magacaa?",
  "your_name":	"magacaaga",
  "somali":	"somaliyeed",
  "please_be_patient_as_we_create_a_personalized_experience_for_your_quran_study":	"fadlan samir marka aan u abuurno khibrad gaar ah oo ku saabsan barashadaada quraanka",
  "playing_recitation":	"ciyaar akhris",
  "surah_playlist":	"surah playlist",
  "no_active_internet_connection":	"ma jiro xiriir internet oo firfircoon",
  "retry":	"isku day",
  "daily_duas":	"duco maalinle ah",
  "please_let_us_know_what_you_would_like_to_do":	"fadlan nala soo socodsii waxaad jeceshahay inaad sameyso",
  "description":	"sharaxaad",
  "your_email":	"emailkaaga",
  "submit":	"soo gudbin",
  "terms_&_conditions":	"shuruudaha & shuruudaha",
  "how_your_free_trial_works":	"sida tijaabadaada bilaashka ah u shaqeyso",
  "today":	"maanta",
  "start_your_full_access_to_all_the_sections_of_app":	"Bilow gelitaankaaga buuxda ee dhammaan qaybaha app-ka",
  "day_5":	"Maalinta 5",
  "you_will_get_a_reminder_about_when_your_trial_will_end":	"waxaad heli doontaa xasuusin ku saabsan goorta tijaabadaadu dhamaanayso",
  "day_7":	"maalinta 7",
  "you_will_be_charged_cancel_anytime_before_this.":	"waa lagu dalacayaa. Jooji wakhti kasta ka hor.",
  "unlimited_free_access_for_days_then_us_per_year_us_per_month)":	"Helitaanka bilaashka ah ee aan xadidnayn ee 7 maalmood, ka dib US $15.49 sanadkii (US $1.29 bishii)",
  "view_all_plans":	"arag dhammaan qorshayaasha",
  "limited_time_offer_for_unlimited_perks_&_benefits":	"waqti xaddidan oo loogu talagalay faa'iidooyinka & faa'iidooyinka aan xadidnayn",
  "ends_in":	"ku dhamaata",
  "plans_specially_curated_for_you":	"Qorshayaasha si gaar ah adiga laguu qoondeeyay",
  "monthly":	"bishiiba",
  "yearly":	"sanad walba",
  "6_months":	"6 bilood",
  "12_months":	"12 bilood",
  "1_month":	"1 bil",
  "prime_plan":	"qorshaha ugu muhiimsan",
  "no_ads":	"wax xayeysiis ah",
  "purchase_now":	"hadda iibso",
  "recurring_billing_cancel_anytime":	"biilasha soo noqnoqda. Jooji wakhti kasta",
  "your_subscription_will_automatically_renew_for_the_same_purchasing_program_at_the_same_time":	"Ka-mid noqoshadaada waxay si toos ah u cusboonaysiin doontaa isla barnaamijka wax iibsiga isla waqti isku mid ah",
  "previous_chapter":	"cutubkii hore",
  "listen_story":	"sheeko dhegeyso",
  "next_chapter":	"cutubka xiga",
  "get_the_premium_today_and_enjoy_unlimited_access_to_the_quran_app":	"Hel qiimaha maanta oo ku raaxayso gelitaanka aan xadidnayn ee app-ka quraanka",
  "available_plans_for_you":	"qorshayaal diyaar kuu ah",
  "monthly_plan":	"qorshe bille ah",
  "3_day_free_trial_restore_purchase":	"3 maalmood tijaabo bilaash ah + soo celinta iibsashada",
  "yearly_plan":	"Qorshaha Sannadlaha ah",
  "7_day_free_trial_restore_purchase":	"7 maalmood tijaabo bilaash ah + soo celinta iibsashada",
  "lifetime_plan":	"qorshe nololeed",
  "15_day_free_trial":	"15 maalmood tijaabo bilaash ah",
  "purchase":	"iibso",
  "as_a_premium_member_you_have_access_to":	"xubin premium ahaan aad geli karto",
  "having_an_issue_please_write_to_us":	"arin haysa? Fadlan noo soo qor",
  "submit_feedback":	"soo gudbi jawaab celin",
  "restore_purchase":	"soo celinta iibsashada",
  "full_name":	"magac buuxa",
  "email_address":	"cinwaanka emailka",
  "preferred_app_language":	"luqadda app-ka ee la door biday",
  "logged_in_devices":	"qalabka galay",
  "update_profile":	"update profile",
  "enter_tasbeeh_count":	"geli tirada tasbeexda",
  "confirm":	"xaqiijin",
  "prayer_time_notfication":	"ogaysiis wakhtiga salaadda",
  "what_are_you_hoping_to_achieve_with_quran_app?":	"maxaad ka rajaynaysaa inaad app-ka quraanka ku gaadho?",
  "listen_to_the_quran_from_the_world's_most_beautiful_voices":	"quraanka ka dhagayso codadka aduunka ugu quruxda badan",
  "how_fluent_are_you_with_quran?":	"intee baad ku fiicantahay quraanka?",
  "beginner":	"bilow",
  "intermediate":	"dhexe",
  "fluent":	"faseexa ah",
  "expert":	"khabiir",
  "what's_your_email_address?":	"waa maxay iimaylkaagu?",
  "finish_profile":	"dhamaystir profile",
  "dua_reminder":	"dua xasuusin",
  "male_and_female_relationships":	"xiriirka lab iyo dheddig",
  "mb":	"mb",
  "downloaded":	"la soo degsaday",
  "collection_of":	"ururinta",
  "currently_playing":	"hadda ciyaaraya",
  "currently_selected":	"hadda la doortay",
  "of":	"ee",

  "kb": "kb",
  "enter_the_count": "Enter the count",
  "now_playing": "Now Playing",
  "please_wait": "Please Wait",
  "manage_profile": "Manage Profile",
  "all_reciters": "All Reciters",
  "complete_quran": "Complete Quran"
 }