{
  "quran":	"قرآن",
  "recitation":	"تلاوت",
  "hour":	"گھنٹہ",
  "surah":	"سورہ",
  "duas":	"دعائیں",
  "favorites":	"پسندیدہ",
  "index":	"انڈیکس",
  "juz":	"جوز",
  "bookmarks":	"بک مارکس",
  "reciters":	"تلاوت کرنے والے",
  "21_mb_of_124_mb_downloaded":	"124 mb میں سے 21 mb ڈاؤن لوڈ کیا گیا۔",
  "playing":	"کھیلنا",
  "surah_al_baqarah":	"سورۃ البقرہ",
  "surah_index":	"سورہ انڈیکس",
  "read_quran_settings":	"قرآن کی ترتیبات پڑھیں",
  "arabic":	"عربی",
  "translation":	"ترجمہ",
  "translation_language":	"ترجمہ کی زبان",
  "quran_text_size":	"قرآن کے متن کا سائز",
  "translations_text_size":	"ترجمہ متن کا سائز",
  "save_settings":	"ترتیبات کو محفوظ کریں",
  "dua_categories":	"دعا کے زمرے",
  "juz_index":	"جوز انڈیکس",
  "audio_bookmarks":	"آڈیو بک مارکس",
  "reading_bookmarks":	"بک مارکس پڑھنا",
  "favorite_reciters":	"پسندیدہ قاری",
  "more":	"مزید",
  "99_names_of_allah":	"اللہ کے 99 نام",
  "qibla_direction":	"قبلہ رخ",
  "step_by_step_salah":	"قدم بہ قدم صلاۃ",
  "salah_timer":	"صلاۃ کا ٹائمر",
  "shahada":	"شاہدہ",
  "tasbeeh":	"تسبیح",
  "degree_of_the_qibla":	"قبلہ کا درجہ",
  "distance_to_qibla":	"قبلہ کا فاصلہ",
  "longitude":	"طول البلد",
  "latitude":	"طول",
  "switch_to_3d_view":	"3D منظر پر سوئچ کریں۔",
  "fajar":	"فجر",
  "dhuhar":	"ڈھوہر",
  "asr":	"عصر",
  "maghrib":	"مغرب",
  "isha":	"عشا",
  "allah_hu_akbar":	"اللہ اکبر",
  "alhamulillah":	"الحمدللہ",
  "subhanallah":	"سبحان اللہ",
  "custom":	"اپنی مرضی کے مطابق",
  "1st_shahadah_purity":	"پہلی شہادت طہارت",
  "2nd_shahadah_testimony":	"دوسری شہادت",
  "3rd_shahadah_glorification":	"تیسری شہادت کی تسبیح",
  "4th_shahadah_unity":	"4 شھادۃ وحدت",
  "5th_shahadah_penitence":	"5ویں شہادت توبہ",
  "6th_shahadah_rejecting_disbelief":	"6 شھادۃ رد کفر",
  "settings":	"ترتیبات",
  "app_experience":	"ایپ کا تجربہ",
  "upgrade_app_experience":	"ایپ کا تجربہ اپ گریڈ کریں۔",
  "manage_subscriptions":	"سبسکرپشنز کا نظم کریں۔",
  "edit_profile":	"پروفائل میں ترمیم کریں",
  "logged_in_as":	"بطور لاگ ان",
  "choose_dark_or_light_mode":	"تاریک یا لائٹ موڈ کا انتخاب کریں۔",
  "app_font":	"ایپ فونٹ",
  "translation_manager":	"ترجمہ مینیجر",
  "download_manager":	"ڈاؤن لوڈ مینیجر",
  "app_language":	"ایپ کی زبان",
  "notifications":	"اطلاعات",
  "app_support":	"ایپ سپورٹ",
  "report_an_issue":	"ایک مسئلہ کی اطلاع دیں",
  "privacy_policy":	"رازداری کی پالیسی",
  "terms_of_service":	"سروس کی شرائط",
  "about_the_app":	"ایپ کے بارے میں",
  "feedback":	"رائے",
  "share":	"بانٹیں",
  "logout":	"لاگ آوٹ",
  "app_theme":	"ایپ تھیم",
  "choose_app_theme":	"ایپ تھیم کا انتخاب کریں۔",
  "customize_the_app_experience":	"ایپ کے تجربے کو اپنی مرضی کے مطابق بنائیں",
  "light_mode":	"روشنی موڈ",
  "dark_mode":	"سیاہ موڈ",
  "next_surah":	"اگلی سورہ",
  "continue_to_next_surah":	"اگلی سورت تک جاری رکھیں",
  "home":	"گھر",
  "your_engagement":	"آپ کی مصروفیت",
  "this_week":	"اس ہفتے",
  "minutes":	"منٹ",
  "from_last_week":	"گزشتہ ہفتے سے",
  "lifetime":	"زندگی بھر",
  "continue_where_you_left_off":	"جہاں آپ نے چھوڑا ہے وہاں جاری رکھیں",
  "quran_stories":	"قرآن کی کہانیاں",
  "surah_ar_rahman":	"سورہ الرحمن",
  "the_merciful_surah_55":	"مہربان سورہ 55",
  "ayat":	"آیت",
  "page":	"صفحہ",
  "view_all":	"سب دیکھیں",
  "verse_of_the_day":	"دن کی آیت",
  "quran_miracles":	"قرآن کے معجزات",
  "story_of_prophet_noah":	"حضرت نوح کی کہانی",
  "quran_inspiration":	"قرآنی الہام",
  "karoon":	"قارون",
  "people_of_the_cave":	"غار کے لوگ",
  "barsisa:the_renegade":	"بارسیسا: دی رینیگیڈ",
  "people_of_the_elephants":	"ہاتھیوں کے لوگ",
  "people_of_the_garden":	"باغ کے لوگ",
  "queen_sheba":	"ملکہ شیبا",
  "wisdom_of_luqman":	"لقمان کی حکمت",
  "sinkholes":	"سنکھولز",
  "hydrothermal_vents":	"ہائیڈرو تھرمل وینٹ",
  "internal_mountains":	"اندرونی پہاڑ",
  "porous_rocks":	"غیر محفوظ پتھر",
  "coal":	"کوئلہ",
  "garden":	"باغ",
  "fasting":	"روزہ",
  "minerals":	"معدنیات",
  "colonies":	"کالونیاں",
  "meteorites":	"الکا",
  "islam_basics":	"اسلام کی بنیادی باتیں",
  "qaida":	"قاعدہ",
  "teachings_of_islam":	"اسلام کی تعلیمات",
  "ramzan":	"رمضان",
  "resume":	"دوبارہ شروع کریں",
  "reciters_page":	"تلاوت کرنے والوں کا صفحہ",
  "abdul_rahman_alsudais":	"عبدالرحمن السدیس",
  "saad_el_ghamidi":	"سعد الغامدی",
  "abdul_basit":	"عبدالباسط",
  "abdullah_awad_al_juhany":	"عبداللہ عواد الجہانی",
  "yaseen":	"یاسین",
  "alkahf":	"الکحف",
  "my_stats":	"میرے اعدادوشمار",
  "your_app_engagement_stats":	"آپ کی ایپ مصروفیت کے اعدادوشمار",
  "app_colors":	"ایپ کے رنگ",
  "beliefs":	"عقائد",
  "practices":	"طریقوں",
  "halal_and_haram":	"حلال اور حرام",
  "names":	"نام",
  "islamic_pharases":	"اسلامی جملے",
  "week":	"ہفتہ",
  "month":	"مہینہ",
  "year":	"سال",
  "muharram":	"محرم",
  "safar":	"صفر",
  "rabi_al-awwal":	"ربیع الاول",
  "rabi_al-thani":	"ربیع الثانی",
  "jumada_al-awwal":	"جمادی الاول",
  "jumada_al-thani":	"جمادۃ الثانی",
  "rajab":	"رجب",
  "shaban":	"شعبان",
  "ramadan":	"رمضان",
  "shawwal":	"شوال",
  "dhu_al-qadah":	"ذی القضاۃ",
  "dhu_al-hijjah":	"ذی الحجہ",
  "duas_for_rabbana":	"ربنا کے لیے دعائیں",
  "duas_for_prayers":	"دعاؤں کے لیے دعائیں",
  "duas_for_something":	"کسی چیز کی دعا",
  "duas_for_certain_situations":	"بعض حالات کے لیے دعائیں",
  "duas_for_istikhaara":	"استخارہ کی دعائیں",
  "duas_for_controlling_yourself":	"اپنے آپ پر قابو پانے کی دعائیں",
  "duas_for_betterment_of_others":	"دوسروں کی بہتری کی دعائیں",
  "duas_for_the_deseased_at_the_funeral_prayer":	"نماز جنازہ میں میت کے لیے دعائیں",
  "collection_of_duas":	"دعاؤں کا مجموعہ",
  "audio_is_downloading":	"آڈیو ڈاؤن لوڈ ہو رہا ہے۔",
  "we_will_provide_custom_recommendations_to_fit_your_individual_goals":	"ہم آپ کے انفرادی اہداف کو پورا کرنے کے لیے حسب ضرورت سفارشات فراہم کریں گے۔",
  "choose_upto_3_goals_for_precise_personalization":	"قطعی ذاتی نوعیت کے لیے 3 اہداف تک کا انتخاب کریں۔",
  "stream/download_reciters":	"سٹریم ڈاؤن لوڈ قاریوں",
  "read_offline_quran":	"آف لائن قرآن پڑھیں",
  "set_quran_goals":	"قرآن کے اہداف مقرر کریں۔",
  "explore_the_quran":	"قرآن کو دریافت کریں۔",
  "translations_&_reflection":	"ترجمہ اور عکاسی",
  "learn_the_qaida":	"قاعدہ سیکھو",
  "you_can_always_change_goals_later":	"آپ بعد میں ہمیشہ اہداف کو تبدیل کر سکتے ہیں۔",
  "skip_for_now":	"اب کے لئے چھوڑ دیں",
  "purpose_of_quran_app?":	"قرآن ایپ کا مقصد؟",
  "continue":	"جاری رہے",
  "beautiful_recitations_from_around_the_world":	"دنیا بھر سے خوبصورت تلاوت",
  "set_your_favorite_reciter":	"اپنا پسندیدہ قاری مقرر کریں۔",
  "sheikh_mishary_al_afasy":	"شیخ مشری الفاسی",
  "sheikh_maher_muaqily":	"شیخ مہر معقلی",
  "abdur-rahman_as-sudais":	"عبدالرحمن السدیس",
  "saud_al-shuraim":	"سعود الشریم",
  "hani_ar-rifai":	"ہانی رفائی",
  "mahmoud_al-hussary":	"محمود الحسری",
  "when_do_you_like_to_recite?":	"آپ کو قرآن کب پڑھنا پسند ہے؟",
  "morning":	"صبح",
  "afternoon":	"دوپہر",
  "evening":	"شام",
  "night":	"رات",
  "set_up_a_daily_reminder_for_quran_recitation":	"قرآن کی تلاوت کے لیے روزانہ یاد دہانی مرتب کریں۔",
  "enabling_reminder_increases_the_likelihood_of_daily_quran_reading_by_3x._are_you_interested_in_establishing_a_successful_habit_of_reading_the_quran?":	"یاد دہانی کو فعال کرنے سے روزانہ قرآن پڑھنے کا امکان 3 گنا بڑھ جاتا ہے۔ کیا آپ قرآن پڑھنے کی کامیاب عادت ڈالنے میں دلچسپی رکھتے ہیں؟",
  "set_reminder":	"یاد دہانی مقرر کریں",
  "how_much_time_would_you_like_to_read_the_quran_daily?":	"آپ روزانہ کتنا وقت قرآن پڑھنا پسند کریں گے؟",
  "5_minutes":	"5 منٹ",
  "10_minutes":	"10 منٹ",
  "15_minutes":	"15 منٹ",
  "20_minutes":	"20 منٹ",
  "30_minutes":	"30 منٹ",
  "choose_your_preferred_language":	"اپنی پسند کی زبان کا انتخاب کریں۔",
  "let's_personalize_the_app_experience":	"آئیے ایپ کے تجربے کو ذاتی بنائیں",
  "urdu":	"اردو",
  "english":	"انگریزی",
  "hindi":	"ہندی",
  "bengali":	"بنگالی",
  "chinese":	"چینی",
  "french":	"فرانسیسی",
  "indonesian":	"انڈونیشین",
  "spanish":	"ہسپانوی",
  "german":	"جرمن",
  "turn_on_notifications_to_get_the_most_out_of_quran_pro?":	"قرآن پرو سے زیادہ سے زیادہ فائدہ اٹھانے کے لیے نوٹیفیکیشن آن کریں؟",
  "receive_personalized_recommedations,_hadiths,_athan,_duas_and_other_reminders_to_enhance_your_spirtual_journey._you_can_opt_out_anytime":	"اپنے روحانی سفر کو بڑھانے کے لیے ذاتی نوعیت کی سفارشات، احادیث، اذان، دعا اور دیگر یاد دہانیاں حاصل کریں۔ آپ کسی بھی وقت آپٹ آؤٹ کر سکتے ہیں۔",
  "daily_quran_recitation_reminder":	"روزانہ قرآن کی تلاوت کی یاد دہانی",
  "daily_quran_verse":	"روزانہ قرآن کی آیت",
  "daily_salah_reminder":	"روزانہ کی نماز کی یاد دہانی",
  "friday_prayer_reminder":	"جمعہ کی نماز کی یاد دہانی",
  "finish_setup":	"سیٹ اپ ختم",
  "reciter":	"تلاوت کرنے والا",
  "search_surah_name":	"سورہ کا نام تلاش کریں۔",
  "search_juz_name":	"جوز  کا نام تلاش کریں۔",
  "choose_app_color":	"ایپ کا رنگ منتخب کریں۔",
  "update_colors":	"رنگوں کو اپ ڈیٹ کریں",
  "arabic_font_preview":	"عربی فونٹ کا پیش نظارہ",
  "translation_text_size":	"ترجمہ متن کا سائز",
  "translation_font_preview":	"ترجمہ فونٹ کا پیش نظارہ",
  "default_translation_language":	"پہلے سے طے شدہ ترجمہ زبان",
  "translations":	"ترجمے",
  "downloaded_audio":	"ڈاؤن لوڈ کردہ آڈیو",
  "upgrade_to_premium":	"پریمیم میں اپ گریڈ کریں۔",
  "get_the_premium_today_and_enjoy_unlimited_access_to_the_quran_pro_app":	"آج ہی پریمیم حاصل کریں اور قرآن ایپ تک لامحدود رسائی سے لطف اندوز ہوں۔",
  "ad-free_app_experience":	"اشتہار سے پاک ایپ کا تجربہ",
  "unlock_quran_stories":	"قرآن کی کہانیوں کو غیر مقفل کریں۔",
  "start_free_trial":	"مفت ٹرائل شروع کریں۔",
  "your_current_location":	"آپ کا موجودہ مقام",
  "other_tasbeeh_of_your_choice":	"آپ کی پسند کی دوسری تسبیح",
  "custom_count":	"اپنی مرضی کے مطابق شمار",
  "6_kalimas":	"6 کلمے",
  "km":	"کلومیٹر",
  "px":	"پکسلز",
  "arabic_font":	"عربی فونٹ",
  "login_to_get_started":	"شروع کرنے کے لیے لاگ ان کریں۔",
  "enter_your_email":	"اپنا ای میل درج کریں۔",
  "password":	"پاس ورڈ",
  "forgot_password":	"پاسورڈ بھول گے",
  "or_login_using":	"یا استعمال کرکے لاگ ان کریں۔",
  "don't_have_an_account_register":	"اکاؤنٹ نہیں ہے؟ رجسٹر کریں۔",
  "create_an_account_to_save_your_progress":	"اپنی پیشرفت کو بچانے کے لیے ایک اکاؤنٹ بنائیں",
  "let's_get_started_on_the_quran_pro_app":	"آئیے قرآن پرو ایپ شروع کریں۔",
  "register":	"رجسٹر کریں",
  "or_register_using":	"یا استعمال کرکے رجسٹر کریں۔",
  "already_have_account_an_account_login":	"پہلے سے اکاؤنٹ ہے؟ لاگ ان کریں",
  "what's_your_name?":	"آپ کا نام کیا ہے؟",
  "your_name":	"تمھارا نام",
  "somali":	"صومالی",
  "please_be_patient_as_we_create_a_personalized_experience_for_your_quran_study":	"براہ کرم صبر کریں کیونکہ ہم آپ کے قرآن کے مطالعہ کے لیے ذاتی نوعیت کا تجربہ بناتے ہیں۔",
  "playing_recitation":	"تلاوت بجانا",
  "surah_playlist":	"سورہ پلے لسٹ",
  "no_active_internet_connection":	"کوئی فعال انٹرنیٹ کنیکشن نہیں۔",
  "retry":	"دوبارہ کوشش کریں",
  "daily_duas":	"روزانہ کی دعائیں",
  "please_let_us_know_what_you_would_like_to_do":	"براہ کرم ہمیں بتائیں کہ آپ کیا کرنا چاہیں گے۔",
  "description":	"تفصیل",
  "your_email":	"آپ کا ای میل",
  "submit":	"جمع کرائیں",
  "terms_&_conditions":	"شرائط و ضوابط",
  "how_your_free_trial_works":	"آپ کا مفت ٹرائل کیسے کام کرتا ہے۔",
  "today":	"آج",
  "start_your_full_access_to_all_the_sections_of_app":	"ایپ کے تمام حصوں تک اپنی مکمل رسائی شروع کریں۔",
  "day_5":	"دن 5",
  "you_will_get_a_reminder_about_when_your_trial_will_end":	"آپ کو ایک یاد دہانی ملے گی کہ آپ کا ٹرائل کب ختم ہوگا۔",
  "day_7":	"دن 7",
  "you_will_be_charged_cancel_anytime_before_this.":	"تم پر الزام آئے گا، جرمانہ ہو گا؛ وغیرہ. اس سے پہلے کسی بھی وقت منسوخ کریں۔",
  "unlimited_free_access_for_days_then_us_per_year_us_per_month)":	"7 دنوں کے لیے لامحدود مفت رسائی، پھر US$15.49 فی سال (US$1.29 فی مہینہ)",
  "view_all_plans":	"تمام منصوبوں کو دیکھیں",
  "limited_time_offer_for_unlimited_perks_&_benefits":	"لامحدود فوائد اور فوائد کے لیے محدود وقت کی پیشکش",
  "ends_in":	"میں ختم ہوتا ہے",
  "plans_specially_curated_for_you":	"آپ کے لیے خصوصی طور پر تیار کردہ منصوبے",
  "monthly":	"ماہانہ",
  "yearly":	"سالانہ",
  "6_months":	"6 ماہ",
  "12_months":	"12 ماہ",
  "1_month":	"1 مہینہ",
  "prime_plan":	"بنیادی منصوبہ",
  "no_ads":	"کوئی اشتہار نہیں",
  "purchase_now":	"ابھی خریدیں",
  "recurring_billing_cancel_anytime":	"بار بار چلنے والی بلنگ کسی بھی وقت منسوخ کریں۔",
  "your_subscription_will_automatically_renew_for_the_same_purchasing_program_at_the_same_time":	"آپ کی رکنیت خود بخود اسی خریداری پروگرام کے لیے ایک ہی وقت میں تجدید ہو جائے گی۔",
  "previous_chapter":	"پچھلے باب",
  "listen_story":	"کہانی سنیں",
  "next_chapter":	"اگلا باب",
  "get_the_premium_today_and_enjoy_unlimited_access_to_the_quran_app":	"آج ہی پریمیم حاصل کریں اور قرآن ایپ تک لامحدود رسائی سے لطف اندوز ہوں۔",
  "available_plans_for_you":	"آپ کے لیے دستیاب منصوبے",
  "monthly_plan":	"ماہانہ منصوبہ",
  "3_day_free_trial_restore_purchase":	"3 دن کی مفت آزمائش + خریداری بحال کریں۔",
  "yearly_plan":	"سالانہ منصوبہ",
  "7_day_free_trial_restore_purchase":	"7 دن کی مفت آزمائش + خریداری بحال کریں۔",
  "lifetime_plan":	"زندگی بھر کی منصوبہ بندی",
  "15_day_free_trial":	"15 دن کی مفت آزمائش",
  "purchase":	"خریداری",
  "as_a_premium_member_you_have_access_to":	"بطور پریمیم ممبر آپ کو رسائی حاصل ہے۔",
  "having_an_issue_please_write_to_us":	"کوئی مسئلہ ہے؟ براہ کرم ہمیں لکھیں۔",
  "submit_feedback":	"رائے جمع کروائیں",
  "restore_purchase":	"خریداری کو بحال کریں",
  "full_name":	"پورا نام",
  "email_address":	"ای میل اڈریس",
  "preferred_app_language":	"ایپ کی ترجیحی زبان",
  "logged_in_devices":	"لاگ ان آلات",
  "update_profile":	"پروفائل کو اپ ڈیٹ کریں۔",
  "enter_tasbeeh_count":	"تسبیح کا شمار درج کریں۔",
  "confirm":	"تصدیق کریں",
  "prayer_time_notfication":	"نماز کے وقت کی اطلاع",
  "what_are_you_hoping_to_achieve_with_quran_app?":	"آپ قرآن ایپ سے کیا حاصل کرنے کی امید کر رہے ہیں؟",
  "listen_to_the_quran_from_the_world's_most_beautiful_voices":	"دنیا کی خوبصورت آوازوں سے قرآن سنیں۔",
  "how_fluent_are_you_with_quran?":	"آپ کو قرآن کتنی روانی ہے؟",
  "beginner":	"شروع",
  "intermediate":	"انٹرمیڈیٹ",
  "fluent":	"روانی",
  "expert":	"ماہر",
  "what's_your_email_address?":	"آپ کا ای میل ایڈریس کیا ہے؟",
  "finish_profile":	"پروفائل ختم کریں۔",
  "dua_reminder":	"دعا کی یاد دہانی",
  "male_and_female_relationships":	"مرد اور عورت کے تعلقات",
  "mb":	"ایم بی",
  "downloaded":	"ڈاؤن لوڈ",
  "collection_of":	"کا مجموعہ",
  "currently_playing":	"فی الحال  چل رہا ہے ",
  "currently_selected":	"فی الحال منتخب کیا گیا ہے۔",
  "of":	"کی",

  "kb": "kb",
  "enter_the_count": "Enter the count",
  "now_playing": "Now Playing",
  "please_wait": "Please Wait",
  "manage_profile": "Manage Profile",
  "all_reciters": "All Reciters",
  "complete_quran": "Complete Quran"
 }