{
  "quran":	"古兰经",
  "recitation":	"朗诵",
  "hour":	"小时",
  "surah":	"古兰经",
  "duas":	"杜阿斯",
  "favorites":	"最爱",
  "index":	"指数",
  "juz":	"爵士乐",
  "bookmarks":	"书签",
  "reciters":	"朗诵者",
  "21_mb_of_124_mb_downloaded":	"下载 124 MB 中的 21 MB",
  "playing":	"玩",
  "surah_al_baqarah":	"古兰经",
  "surah_index":	"章节索引",
  "read_quran_settings":	"阅读古兰经设置",
  "arabic":	"阿拉伯",
  "translation":	"翻译",
  "translation_language":	"翻译语言",
  "quran_text_size":	"古兰经文字大小",
  "translations_text_size":	"翻译文本大小",
  "save_settings":	"保存设置",
  "dua_categories":	"双重类别",
  "juz_index":	"爵士指数",
  "audio_bookmarks":	"音频书签",
  "reading_bookmarks":	"阅读书签",
  "favorite_reciters":	"最喜欢的朗诵者",
  "more":	"更多的",
  "99_names_of_allah":	"真主的99个名字",
  "qibla_direction":	"朝拜方向",
  "step_by_step_salah":	"一步一步萨拉赫",
  "salah_timer":	"萨拉赫计时器",
  "shahada":	"沙哈达",
  "tasbeeh":	"塔斯比",
  "degree_of_the_qibla":	"朝拜的程度",
  "distance_to_qibla":	"到朝拜的距离",
  "longitude":	"经度",
  "latitude":	"纬度",
  "switch_to_3d_view":	"切换到 3D 视图",
  "fajar":	"法哈尔",
  "dhuhar":	"杜哈尔",
  "asr":	"asr",
  "maghrib":	"马格里布",
  "isha":	"isha",
  "allah_hu_akbar":	"阿拉胡阿克巴",
  "alhamulillah":	"真主报",
  "subhanallah":	"subhanallah",
  "custom":	"风俗",
  "1st_shahadah_purity":	"第一次清真言纯洁",
  "2nd_shahadah_testimony":	"第二次清真言证词",
  "3rd_shahadah_glorification":	"第三次清真言赞颂",
  "4th_shahadah_unity":	"第四次清真言合一",
  "5th_shahadah_penitence":	"第五次清真言忏悔",
  "6th_shahadah_rejecting_disbelief":	"第六次清真言拒绝怀疑",
  "settings":	"设置",
  "app_experience":	"应用体验",
  "upgrade_app_experience":	"升级应用体验",
  "manage_subscriptions":	"管理订阅",
  "edit_profile":	"编辑个人资料",
  "logged_in_as":	"登录为",
  "choose_dark_or_light_mode":	"选择深色或浅色模式",
  "app_font":	"应用字体",
  "translation_manager":	"翻译经理",
  "download_manager":	"下载管理器",
  "app_language":	"应用语言",
  "notifications":	"通知",
  "app_support":	"应用程序支持",
  "report_an_issue":	"报告问题",
  "privacy_policy":	"隐私政策",
  "terms_of_service":	"服务条款",
  "about_the_app":	"关于应用程序",
  "feedback":	"反馈",
  "share":	"分享",
  "logout":	"登出",
  "app_theme":	"应用主题",
  "choose_app_theme":	"选择应用主题",
  "customize_the_app_experience":	"自定义应用程序体验",
  "light_mode":	"灯光模式",
  "dark_mode":	"黑暗模式",
  "next_surah":	"下一章",
  "continue_to_next_surah":	"继续下一章",
  "home":	"家",
  "your_engagement":	"你的参与",
  "this_week":	"本星期",
  "minutes":	"分钟",
  "from_last_week":	"从上周开始",
  "lifetime":	"寿命",
  "continue_where_you_left_off":	"从你离开的地方继续",
  "quran_stories":	"古兰经故事",
  "surah_ar_rahman":	"surah ar rahman",
  "the_merciful_surah_55":	"仁慈的 surah 55",
  "ayat":	"经文",
  "page":	"页",
  "view_all":	"查看全部",
  "verse_of_the_day":	"今日经文",
  "quran_miracles":	"古兰经奇迹",
  "story_of_prophet_noah":	"先知挪亚的故事",
  "quran_inspiration":	"古兰经灵感",
  "karoon":	"卡龙",
  "people_of_the_cave":	"洞穴的人",
  "barsisa:the_renegade":	"巴西萨：叛徒",
  "people_of_the_elephants":	"大象的人",
  "people_of_the_garden":	"花园里的人",
  "queen_sheba":	"示巴女王",
  "wisdom_of_luqman":	"鲁格曼的智慧",
  "sinkholes":	"天坑",
  "hydrothermal_vents":	"热液喷口",
  "internal_mountains":	"内山",
  "porous_rocks":	"多孔岩石",
  "coal":	"煤炭",
  "garden":	"花园",
  "fasting":	"禁食",
  "minerals":	"矿物质",
  "colonies":	"群落",
  "meteorites":	"陨石",
  "islam_basics":	"伊斯兰教基础",
  "qaida":	"基地组织",
  "teachings_of_islam":	"伊斯兰教义",
  "ramzan":	"拉姆赞",
  "resume":	"恢复",
  "reciters_page":	"朗诵者页面",
  "abdul_rahman_alsudais":	"阿都拉曼阿苏代斯",
  "saad_el_ghamidi":	"萨阿德加米迪",
  "abdul_basit":	"阿都巴西特",
  "abdullah_awad_al_juhany":	"阿卜杜拉·阿瓦德·朱哈尼",
  "yaseen":	"亚森",
  "alkahf":	"阿尔卡夫",
  "my_stats":	"我的数据",
  "your_app_engagement_stats":	"您的应用参与度统计信息",
  "app_colors":	"应用颜色",
  "beliefs":	"信念",
  "practices":	"做法",
  "halal_and_haram":	"清真和非法",
  "names":	"名字",
  "islamic_pharases":	"伊斯兰短语",
  "week":	"星期",
  "month":	"月",
  "year":	"年",
  "muharram":	"回历",
  "safar":	"狩猎",
  "rabi_al-awwal":	"拉比·奥瓦尔",
  "rabi_al-thani":	"拉比阿勒萨尼",
  "jumada_al-awwal":	"人民报",
  "jumada_al-thani":	"人民报",
  "rajab":	"斋月",
  "shaban":	"沙班",
  "ramadan":	"斋月",
  "shawwal":	"肖沃尔",
  "dhu_al-qadah":	"dhu al-qadah",
  "dhu_al-hijjah":	"真主报",
  "duas_for_rabbana":	"拉巴纳杜阿斯",
  "duas_for_prayers":	"祈祷的杜阿斯",
  "duas_for_something":	"杜阿斯某事",
  "duas_for_certain_situations":	"某些情况下的二重奏",
  "duas_for_istikhaara":	"istikhaara 杜阿斯",
  "duas_for_controlling_yourself":	"控制自己的杜阿斯",
  "duas_for_betterment_of_others":	"杜阿斯为了改善他人",
  "duas_for_the_deseased_at_the_funeral_prayer":	"在葬礼祈祷中为死者祈祷",
  "collection_of_duas":	"杜阿斯的集合",
  "audio_is_downloading":	"正在下载音频",
  "we_will_provide_custom_recommendations_to_fit_your_individual_goals":	"我们将提供定制建议以满足您的个人目标",
  "choose_upto_3_goals_for_precise_personalization":	"选择最多 3 个目标以实现精确个性化",
  "stream/download_reciters":	"流下载朗诵者",
  "read_offline_quran":	"离线阅读古兰经",
  "set_quran_goals":	"设定古兰经目标",
  "explore_the_quran":	"探索古兰经",
  "translations_&_reflection":	"翻译与反思",
  "learn_the_qaida":	"学习基地组织",
  "you_can_always_change_goals_later":	"您以后可以随时更改目标",
  "skip_for_now":	"暂时跳过",
  "purpose_of_quran_app?":	"古兰经应用程序的目的？",
  "continue":	"继续",
  "beautiful_recitations_from_around_the_world":	"来自世界各地的优美朗诵",
  "set_your_favorite_reciter":	"设置你最喜欢的朗诵者",
  "sheikh_mishary_al_afasy":	"谢赫·米沙里·阿法西",
  "sheikh_maher_muaqily":	"谢赫马赫穆阿奇利",
  "abdur-rahman_as-sudais":	"阿卜杜勒－拉赫曼阿苏代斯",
  "saud_al-shuraim":	"沙特舒莱姆",
  "hani_ar-rifai":	"哈尼阿里辉",
  "mahmoud_al-hussary":	"马哈茂德胡萨里",
  "when_do_you_like_to_recite?":	"你什么时候喜欢读古兰经？",
  "morning":	"早晨",
  "afternoon":	"下午",
  "evening":	"晚上",
  "night":	"夜晚",
  "set_up_a_daily_reminder_for_quran_recitation":	"设置古兰经背诵每日提醒",
  "enabling_reminder_increases_the_likelihood_of_daily_quran_reading_by_3x._are_you_interested_in_establishing_a_successful_habit_of_reading_the_quran?":	"启用提醒可将每日古兰经阅读的可能性提高 3 倍。 您是否有兴趣养成阅读古兰经的成功习惯？",
  "set_reminder":	"设置提醒",
  "how_much_time_would_you_like_to_read_the_quran_daily?":	"您想每天花多少时间阅读《古兰经》？",
  "5_minutes":	"5分钟",
  "10_minutes":	"10分钟",
  "15_minutes":	"15分钟",
  "20_minutes":	"20分钟",
  "30_minutes":	"30分钟",
  "choose_your_preferred_language":	"选择您喜欢的语言",
  "let's_personalize_the_app_experience":	"让我们个性化应用程序体验",
  "urdu":	"乌尔都语",
  "english":	"英语",
  "hindi":	"印地语",
  "bengali":	"孟加拉语",
  "chinese":	"中国人",
  "french":	"法语",
  "indonesian":	"印度尼西亚",
  "spanish":	"西班牙语",
  "german":	"德语",
  "turn_on_notifications_to_get_the_most_out_of_quran_pro?":	"打开通知以充分利用古兰经专业版？",
  "receive_personalized_recommedations,_hadiths,_athan,_duas_and_other_reminders_to_enhance_your_spirtual_journey._you_can_opt_out_anytime":	"接收个性化推荐、圣训、圣训、杜阿斯和其他提醒，以增强您的精神之旅。 你可以选择任何时候退出",
  "daily_quran_recitation_reminder":	"每日古兰经朗诵提醒",
  "daily_quran_verse":	"每日古兰经经文",
  "daily_salah_reminder":	"每日萨拉赫提醒",
  "friday_prayer_reminder":	"星期五祈祷提醒",
  "finish_setup":	"完成设置",
  "reciter":	"朗诵者",
  "search_surah_name":	"搜索 surah 名称",
  "search_juz_name":	"搜索juz名称",
  "choose_app_color":	"选择应用颜色",
  "update_colors":	"更新颜色",
  "arabic_font_preview":	"阿拉伯语字体预览",
  "translation_text_size":	"翻译文字大小",
  "translation_font_preview":	"翻译字体预览",
  "default_translation_language":	"默认翻译语言",
  "translations":	"翻译",
  "downloaded_audio":	"下载的音频",
  "upgrade_to_premium":	"升级到高级",
  "get_the_premium_today_and_enjoy_unlimited_access_to_the_quran_pro_app":	"立即购买高级版并无限制地访问古兰经应用程序",
  "ad-free_app_experience":	"无广告应用体验",
  "unlock_quran_stories":	"解锁古兰经故事",
  "start_free_trial":	"开启免费体验",
  "your_current_location":	"您当前的位置",
  "other_tasbeeh_of_your_choice":	"您选择的其他tasbeeh",
  "custom_count":	"自定义计数",
  "6_kalimas":	"6个卡利马",
  "km":	"公里",
  "px":	"像素",
  "arabic_font":	"阿拉伯字体",
  "login_to_get_started":	"登录开始",
  "enter_your_email":	"输入你的电子邮箱",
  "password":	"密码",
  "forgot_password":	"忘记密码",
  "or_login_using":	"或登录使用",
  "don't_have_an_account_register":	"没有帐户？ 登记",
  "create_an_account_to_save_your_progress":	"创建一个帐户以保存您的进度",
  "let's_get_started_on_the_quran_pro_app":	"让我们开始使用古兰经专业版应用程序",
  "register":	"登记",
  "or_register_using":	"或注册使用",
  "already_have_account_an_account_login":	"已经有账号了？ 登录",
  "what's_your_name?":	"你叫什么名字？",
  "your_name":	"你的名字",
  "somali":	"索马里",
  "please_be_patient_as_we_create_a_personalized_experience_for_your_quran_study":	"请耐心等待，因为我们会为您的古兰经学习打造个性化体验",
  "playing_recitation":	"演奏朗诵",
  "surah_playlist":	"古兰经播放列表",
  "no_active_internet_connection":	"没有活动的互联网连接",
  "retry":	"重试",
  "daily_duas":	"每日杜阿斯",
  "please_let_us_know_what_you_would_like_to_do":	"请让我们知道您想做什么",
  "description":	"描述",
  "your_email":	"你的邮件",
  "submit":	"提交",
  "terms_&_conditions":	"条款和条件",
  "how_your_free_trial_works":	"您的免费试用如何运作",
  "today":	"今天",
  "start_your_full_access_to_all_the_sections_of_app":	"开始完全访问应用程序的所有部分",
  "day_5":	"第五天",
  "you_will_get_a_reminder_about_when_your_trial_will_end":	"您会收到有关试用期何时结束的提醒",
  "day_7":	"第 7 天",
  "you_will_be_charged_cancel_anytime_before_this.":	"你会被收费古兰经专业版应用程序",
  "unlimited_free_access_for_days_then_us_per_year_us_per_month)":	"7 天无限制免费访问，然后每年 15.49 美元（每月 1.29 美元）",
  "view_all_plans":	"查看所有计划",
  "limited_time_offer_for_unlimited_perks_&_benefits":	"限时优惠古兰经专业版应用程序",
  "ends_in":	"结束于",
  "plans_specially_curated_for_you":	"专为您策划的计划",
  "monthly":	"每月",
  "yearly":	"每年",
  "6_months":	"6个月",
  "12_months":	"12个月",
  "1_month":	"1个月",
  "prime_plan":	"主要计划",
  "no_ads":	"无广告",
  "purchase_now":	"现在买",
  "recurring_billing_cancel_anytime":	"经常性计费。 随时取消",
  "your_subscription_will_automatically_renew_for_the_same_purchasing_program_at_the_same_time":	"您的订阅将同时自动续订相同的购买计划",
  "previous_chapter":	"上一章",
  "listen_story":	"听故事",
  "next_chapter":	"下一章",
  "get_the_premium_today_and_enjoy_unlimited_access_to_the_quran_app":	"立即购买高级版并享受对古兰经应用程序的无限制访问",
  "available_plans_for_you":	"适合您的计划",
  "monthly_plan":	"每月计划",
  "3_day_free_trial_restore_purchase":	"3天免费试用+恢复购买",
  "yearly_plan":	"年度计划",
  "7_day_free_trial_restore_purchase":	"7天免费试用+恢复购买",
  "lifetime_plan":	"终身计划",
  "15_day_free_trial":	"15 天免费试用",
  "purchase":	"购买",
  "as_a_premium_member_you_have_access_to":	"作为高级会员古兰经专业版应用程序",
  "having_an_issue_please_write_to_us":	"有问题吗古兰经专业版应用程序",
  "submit_feedback":	"提交反馈",
  "restore_purchase":	"恢复购买",
  "full_name":	"全名",
  "email_address":	"电子邮件地址",
  "preferred_app_language":	"首选应用程序语言",
  "logged_in_devices":	"登录设备",
  "update_profile":	"更新个人信息",
  "enter_tasbeeh_count":	"输入 tasbeeh 计数",
  "confirm":	"确认",
  "prayer_time_notfication":	"祷告时间通知",
  "what_are_you_hoping_to_achieve_with_quran_app?":	"您希望通过古兰经应用程序实现什么目标？",
  "listen_to_the_quran_from_the_world's_most_beautiful_voices":	"从世界上最美丽的声音中聆听古兰经",
  "how_fluent_are_you_with_quran?":	"你对古兰经有多流利？",
  "beginner":	"初学者",
  "intermediate":	"中间的",
  "fluent":	"流利",
  "expert":	"专家",
  "what's_your_email_address?":	"你的电子邮件地址是什么？",
  "finish_profile":	"完成轮廓",
  "dua_reminder":	"双提醒",
  "male_and_female_relationships":	"男女关系",
  "mb":	"姆",
  "downloaded":	"下载",
  "collection_of":	"收集",
  "currently_playing":	"目前正在播放",
  "currently_selected":	"当前选择",
  "of":	"的",

  "kb": "kb",
  "enter_the_count": "Enter the count",
  "now_playing": "Now Playing",
  "please_wait": "Please Wait",
  "manage_profile": "Manage Profile",
  "all_reciters": "All Reciters",
  "complete_quran": "Complete Quran"
 }